Apps,Version,Pubs,ntax,alignment_counts,site_counts,Datatype,Analyses,OS,CPU,Execution_time,RAM_usage_kb,CPU_usage
        
SEGUL,0.18.1,Wu et al. 2018,90,5162,3050198,DNA,Alignment Concatenation,openSUSE,AMD Ryzen 9 3900X 12-Core Processor,0:02.61,350760,131%
SEGUL,0.18.1,Wu et al. 2018,90,5162,3050198,DNA,Alignment Concatenation,openSUSE,AMD Ryzen 9 3900X 12-Core Processor,0:02.66,352360,134%
SEGUL,0.18.1,Wu et al. 2018,90,5162,3050198,DNA,Alignment Concatenation,openSUSE,AMD Ryzen 9 3900X 12-Core Processor,0:02.59,355428,138%
SEGUL,0.18.1,Wu et al. 2018,90,5162,3050198,DNA,Alignment Concatenation,openSUSE,AMD Ryzen 9 3900X 12-Core Processor,0:02.56,352308,135%
SEGUL,0.18.1,Wu et al. 2018,90,5162,3050198,DNA,Alignment Concatenation,openSUSE,AMD Ryzen 9 3900X 12-Core Processor,0:02.57,354716,134%
SEGUL,0.18.1,Wu et al. 2018,90,5162,3050198,DNA,Alignment Concatenation,openSUSE,AMD Ryzen 9 3900X 12-Core Processor,0:02.57,350784,133%
SEGUL,0.18.1,Wu et al. 2018,90,5162,3050198,DNA,Alignment Concatenation,openSUSE,AMD Ryzen 9 3900X 12-Core Processor,0:02.60,352276,133%
SEGUL,0.18.1,Wu et al. 2018,90,5162,3050198,DNA,Alignment Concatenation,openSUSE,AMD Ryzen 9 3900X 12-Core Processor,0:02.58,351416,142%
SEGUL,0.18.1,Wu et al. 2018,90,5162,3050198,DNA,Alignment Concatenation,openSUSE,AMD Ryzen 9 3900X 12-Core Processor,0:02.66,355572,134%
SEGUL,0.18.1,Wu et al. 2018,90,5162,3050198,DNA,Alignment Concatenation,openSUSE,AMD Ryzen 9 3900X 12-Core Processor,0:02.57,352484,138%
SEGUL,0.18.1,Shen et al. 2018,343,2408,1162805,DNA,Alignment Concatenation,openSUSE,AMD Ryzen 9 3900X 12-Core Processor,0:05.19,609420,118%
SEGUL,0.18.1,Shen et al. 2018,343,2408,1162805,DNA,Alignment Concatenation,openSUSE,AMD Ryzen 9 3900X 12-Core Processor,0:05.14,607780,125%
SEGUL,0.18.1,Shen et al. 2018,343,2408,1162805,DNA,Alignment Concatenation,openSUSE,AMD Ryzen 9 3900X 12-Core Processor,0:05.05,602108,128%
SEGUL,0.18.1,Shen et al. 2018,343,2408,1162805,DNA,Alignment Concatenation,openSUSE,AMD Ryzen 9 3900X 12-Core Processor,0:05.07,608740,128%
SEGUL,0.18.1,Shen et al. 2018,343,2408,1162805,DNA,Alignment Concatenation,openSUSE,AMD Ryzen 9 3900X 12-Core Processor,0:05.20,598572,129%
SEGUL,0.18.1,Shen et al. 2018,343,2408,1162805,DNA,Alignment Concatenation,openSUSE,AMD Ryzen 9 3900X 12-Core Processor,0:05.09,597400,128%
SEGUL,0.18.1,Shen et al. 2018,343,2408,1162805,DNA,Alignment Concatenation,openSUSE,AMD Ryzen 9 3900X 12-Core Processor,0:05.06,599556,128%
SEGUL,0.18.1,Shen et al. 2018,343,2408,1162805,DNA,Alignment Concatenation,openSUSE,AMD Ryzen 9 3900X 12-Core Processor,0:05.05,610356,128%
SEGUL,0.18.1,Shen et al. 2018,343,2408,1162805,DNA,Alignment Concatenation,openSUSE,AMD Ryzen 9 3900X 12-Core Processor,0:05.22,602628,127%
SEGUL,0.18.1,Shen et al. 2018,343,2408,1162805,DNA,Alignment Concatenation,openSUSE,AMD Ryzen 9 3900X 12-Core Processor,0:05.14,605696,127%
SEGUL (--datatype ignore),0.18.1,Wu et al. 2018,90,5162,3050198,DNA,Alignment Concatenation,openSUSE,AMD Ryzen 9 3900X 12-Core Processor,0:00.73,354096,233%
SEGUL (--datatype ignore),0.18.1,Wu et al. 2018,90,5162,3050198,DNA,Alignment Concatenation,openSUSE,AMD Ryzen 9 3900X 12-Core Processor,0:00.73,353612,222%
SEGUL (--datatype ignore),0.18.1,Wu et al. 2018,90,5162,3050198,DNA,Alignment Concatenation,openSUSE,AMD Ryzen 9 3900X 12-Core Processor,0:00.74,351432,224%
SEGUL (--datatype ignore),0.18.1,Wu et al. 2018,90,5162,3050198,DNA,Alignment Concatenation,openSUSE,AMD Ryzen 9 3900X 12-Core Processor,0:00.73,352008,219%
SEGUL (--datatype ignore),0.18.1,Wu et al. 2018,90,5162,3050198,DNA,Alignment Concatenation,openSUSE,AMD Ryzen 9 3900X 12-Core Processor,0:00.73,348000,223%
SEGUL (--datatype ignore),0.18.1,Wu et al. 2018,90,5162,3050198,DNA,Alignment Concatenation,openSUSE,AMD Ryzen 9 3900X 12-Core Processor,0:00.74,347292,237%
SEGUL (--datatype ignore),0.18.1,Wu et al. 2018,90,5162,3050198,DNA,Alignment Concatenation,openSUSE,AMD Ryzen 9 3900X 12-Core Processor,0:00.74,355516,218%
SEGUL (--datatype ignore),0.18.1,Wu et al. 2018,90,5162,3050198,DNA,Alignment Concatenation,openSUSE,AMD Ryzen 9 3900X 12-Core Processor,0:00.73,347936,244%
SEGUL (--datatype ignore),0.18.1,Wu et al. 2018,90,5162,3050198,DNA,Alignment Concatenation,openSUSE,AMD Ryzen 9 3900X 12-Core Processor,0:00.72,353436,226%
SEGUL (--datatype ignore),0.18.1,Wu et al. 2018,90,5162,3050198,DNA,Alignment Concatenation,openSUSE,AMD Ryzen 9 3900X 12-Core Processor,0:00.73,352296,236%
SEGUL (--datatype ignore),0.18.1,Shen et al. 2018,343,2408,1162805,DNA,Alignment Concatenation,openSUSE,AMD Ryzen 9 3900X 12-Core Processor,0:01.20,605532,218%
SEGUL (--datatype ignore),0.18.1,Shen et al. 2018,343,2408,1162805,DNA,Alignment Concatenation,openSUSE,AMD Ryzen 9 3900X 12-Core Processor,0:01.20,601092,226%
SEGUL (--datatype ignore),0.18.1,Shen et al. 2018,343,2408,1162805,DNA,Alignment Concatenation,openSUSE,AMD Ryzen 9 3900X 12-Core Processor,0:01.22,601260,218%
SEGUL (--datatype ignore),0.18.1,Shen et al. 2018,343,2408,1162805,DNA,Alignment Concatenation,openSUSE,AMD Ryzen 9 3900X 12-Core Processor,0:01.19,611228,219%
SEGUL (--datatype ignore),0.18.1,Shen et al. 2018,343,2408,1162805,DNA,Alignment Concatenation,openSUSE,AMD Ryzen 9 3900X 12-Core Processor,0:01.20,599444,217%
SEGUL (--datatype ignore),0.18.1,Shen et al. 2018,343,2408,1162805,DNA,Alignment Concatenation,openSUSE,AMD Ryzen 9 3900X 12-Core Processor,0:01.19,607036,219%
SEGUL (--datatype ignore),0.18.1,Shen et al. 2018,343,2408,1162805,DNA,Alignment Concatenation,openSUSE,AMD Ryzen 9 3900X 12-Core Processor,0:01.21,606160,227%
SEGUL (--datatype ignore),0.18.1,Shen et al. 2018,343,2408,1162805,DNA,Alignment Concatenation,openSUSE,AMD Ryzen 9 3900X 12-Core Processor,0:01.20,595452,217%
SEGUL (--datatype ignore),0.18.1,Shen et al. 2018,343,2408,1162805,DNA,Alignment Concatenation,openSUSE,AMD Ryzen 9 3900X 12-Core Processor,0:01.22,594836,217%
SEGUL (--datatype ignore),0.18.1,Shen et al. 2018,343,2408,1162805,DNA,Alignment Concatenation,openSUSE,AMD Ryzen 9 3900X 12-Core Processor,0:01.21,600412,221%
AMAS,v1.02,Wu et al. 2018,90,5162,3050198,DNA,Alignment Concatenation,openSUSE,AMD Ryzen 9 3900X 12-Core Processor,0:01.95,1170576,1017%
AMAS,v1.02,Wu et al. 2018,90,5162,3050198,DNA,Alignment Concatenation,openSUSE,AMD Ryzen 9 3900X 12-Core Processor,0:01.93,1173096,1023%
AMAS,v1.02,Wu et al. 2018,90,5162,3050198,DNA,Alignment Concatenation,openSUSE,AMD Ryzen 9 3900X 12-Core Processor,0:01.94,1170480,1013%
AMAS,v1.02,Wu et al. 2018,90,5162,3050198,DNA,Alignment Concatenation,openSUSE,AMD Ryzen 9 3900X 12-Core Processor,0:01.93,1171328,1024%
AMAS,v1.02,Wu et al. 2018,90,5162,3050198,DNA,Alignment Concatenation,openSUSE,AMD Ryzen 9 3900X 12-Core Processor,0:02.01,1171080,989%
AMAS,v1.02,Wu et al. 2018,90,5162,3050198,DNA,Alignment Concatenation,openSUSE,AMD Ryzen 9 3900X 12-Core Processor,0:01.98,1170560,995%
AMAS,v1.02,Wu et al. 2018,90,5162,3050198,DNA,Alignment Concatenation,openSUSE,AMD Ryzen 9 3900X 12-Core Processor,0:01.95,1170340,1007%
AMAS,v1.02,Wu et al. 2018,90,5162,3050198,DNA,Alignment Concatenation,openSUSE,AMD Ryzen 9 3900X 12-Core Processor,0:01.99,1171244,984%
AMAS,v1.02,Wu et al. 2018,90,5162,3050198,DNA,Alignment Concatenation,openSUSE,AMD Ryzen 9 3900X 12-Core Processor,0:01.94,1172996,1021%
AMAS,v1.02,Wu et al. 2018,90,5162,3050198,DNA,Alignment Concatenation,openSUSE,AMD Ryzen 9 3900X 12-Core Processor,0:02.00,1170472,990%
AMAS,v1.02,Shen et al. 2018,343,2408,1162805,DNA,Alignment Concatenation,openSUSE,AMD Ryzen 9 3900X 12-Core Processor,0:03.77,1784268,442%
AMAS,v1.02,Shen et al. 2018,343,2408,1162805,DNA,Alignment Concatenation,openSUSE,AMD Ryzen 9 3900X 12-Core Processor,0:03.61,1784384,461%
AMAS,v1.02,Shen et al. 2018,343,2408,1162805,DNA,Alignment Concatenation,openSUSE,AMD Ryzen 9 3900X 12-Core Processor,0:03.66,1783884,461%
AMAS,v1.02,Shen et al. 2018,343,2408,1162805,DNA,Alignment Concatenation,openSUSE,AMD Ryzen 9 3900X 12-Core Processor,0:03.69,1784820,463%
AMAS,v1.02,Shen et al. 2018,343,2408,1162805,DNA,Alignment Concatenation,openSUSE,AMD Ryzen 9 3900X 12-Core Processor,0:03.63,1783224,462%
AMAS,v1.02,Shen et al. 2018,343,2408,1162805,DNA,Alignment Concatenation,openSUSE,AMD Ryzen 9 3900X 12-Core Processor,0:03.69,1787956,452%
AMAS,v1.02,Shen et al. 2018,343,2408,1162805,DNA,Alignment Concatenation,openSUSE,AMD Ryzen 9 3900X 12-Core Processor,0:03.67,1783328,457%
AMAS,v1.02,Shen et al. 2018,343,2408,1162805,DNA,Alignment Concatenation,openSUSE,AMD Ryzen 9 3900X 12-Core Processor,0:03.68,1783144,455%
AMAS,v1.02,Shen et al. 2018,343,2408,1162805,DNA,Alignment Concatenation,openSUSE,AMD Ryzen 9 3900X 12-Core Processor,0:03.66,1773096,458%
AMAS,v1.02,Shen et al. 2018,343,2408,1162805,DNA,Alignment Concatenation,openSUSE,AMD Ryzen 9 3900X 12-Core Processor,0:03.71,1782652,453%
AMAS,v1.02,Wu et al. 2018,90,5162,3050198,DNA,Alignment Concatenation,openSUSE,AMD Ryzen 9 3900X 12-Core Processor,0:23.20,1170592,177%
AMAS,v1.02,Wu et al. 2018,90,5162,3050198,DNA,Alignment Concatenation,openSUSE,AMD Ryzen 9 3900X 12-Core Processor,0:23.62,1171040,175%
AMAS,v1.02,Wu et al. 2018,90,5162,3050198,DNA,Alignment Concatenation,openSUSE,AMD Ryzen 9 3900X 12-Core Processor,0:23.45,1170276,176%
AMAS,v1.02,Wu et al. 2018,90,5162,3050198,DNA,Alignment Concatenation,openSUSE,AMD Ryzen 9 3900X 12-Core Processor,0:22.86,1172832,178%
AMAS,v1.02,Wu et al. 2018,90,5162,3050198,DNA,Alignment Concatenation,openSUSE,AMD Ryzen 9 3900X 12-Core Processor,0:22.56,1171264,178%
AMAS,v1.02,Wu et al. 2018,90,5162,3050198,DNA,Alignment Concatenation,openSUSE,AMD Ryzen 9 3900X 12-Core Processor,0:22.55,1170200,179%
AMAS,v1.02,Wu et al. 2018,90,5162,3050198,DNA,Alignment Concatenation,openSUSE,AMD Ryzen 9 3900X 12-Core Processor,0:22.65,1172880,178%
AMAS,v1.02,Wu et al. 2018,90,5162,3050198,DNA,Alignment Concatenation,openSUSE,AMD Ryzen 9 3900X 12-Core Processor,0:22.82,1170548,178%
AMAS,v1.02,Wu et al. 2018,90,5162,3050198,DNA,Alignment Concatenation,openSUSE,AMD Ryzen 9 3900X 12-Core Processor,0:22.60,1171472,179%
AMAS,v1.02,Wu et al. 2018,90,5162,3050198,DNA,Alignment Concatenation,openSUSE,AMD Ryzen 9 3900X 12-Core Processor,0:22.50,1170628,179%
AMAS,v1.02,Shen et al. 2018,343,2408,1162805,DNA,Alignment Concatenation,openSUSE,AMD Ryzen 9 3900X 12-Core Processor,7:48.54,1778796,102%
AMAS,v1.02,Shen et al. 2018,343,2408,1162805,DNA,Alignment Concatenation,openSUSE,AMD Ryzen 9 3900X 12-Core Processor,7:51.25,1778028,102%
AMAS,v1.02,Shen et al. 2018,343,2408,1162805,DNA,Alignment Concatenation,openSUSE,AMD Ryzen 9 3900X 12-Core Processor,7:49.85,1781248,102%
AMAS,v1.02,Shen et al. 2018,343,2408,1162805,DNA,Alignment Concatenation,openSUSE,AMD Ryzen 9 3900X 12-Core Processor,13:52.44,1778520,101%
AMAS,v1.02,Shen et al. 2018,343,2408,1162805,DNA,Alignment Concatenation,openSUSE,AMD Ryzen 9 3900X 12-Core Processor,7:55.12,1779300,102%
AMAS,v1.02,Shen et al. 2018,343,2408,1162805,DNA,Alignment Concatenation,openSUSE,AMD Ryzen 9 3900X 12-Core Processor,7:58.14,1779684,102%
AMAS,v1.02,Shen et al. 2018,343,2408,1162805,DNA,Alignment Concatenation,openSUSE,AMD Ryzen 9 3900X 12-Core Processor,8:02.88,1779112,102%
AMAS,v1.02,Shen et al. 2018,343,2408,1162805,DNA,Alignment Concatenation,openSUSE,AMD Ryzen 9 3900X 12-Core Processor,7:52.63,1777284,102%
AMAS,v1.02,Shen et al. 2018,343,2408,1162805,DNA,Alignment Concatenation,openSUSE,AMD Ryzen 9 3900X 12-Core Processor,7:50.25,1779348,102%
AMAS,v1.02,Shen et al. 2018,343,2408,1162805,DNA,Alignment Concatenation,openSUSE,AMD Ryzen 9 3900X 12-Core Processor,8:19.57,1778160,102%
SEGUL,0.18.1,Esselstyn et al. 2021,102,4040,5398947,DNA,Alignment Concatenation,openSUSE,AMD Ryzen 9 3900X 12-Core Processor,0:02.32,603756,142%
SEGUL,0.18.1,Esselstyn et al. 2021,102,4040,5398947,DNA,Alignment Concatenation,openSUSE,AMD Ryzen 9 3900X 12-Core Processor,0:02.33,610216,152%
SEGUL,0.18.1,Esselstyn et al. 2021,102,4040,5398947,DNA,Alignment Concatenation,openSUSE,AMD Ryzen 9 3900X 12-Core Processor,0:02.34,604840,148%
SEGUL,0.18.1,Esselstyn et al. 2021,102,4040,5398947,DNA,Alignment Concatenation,openSUSE,AMD Ryzen 9 3900X 12-Core Processor,0:02.26,607260,148%
SEGUL,0.18.1,Esselstyn et al. 2021,102,4040,5398947,DNA,Alignment Concatenation,openSUSE,AMD Ryzen 9 3900X 12-Core Processor,0:02.33,601728,147%
SEGUL,0.18.1,Esselstyn et al. 2021,102,4040,5398947,DNA,Alignment Concatenation,openSUSE,AMD Ryzen 9 3900X 12-Core Processor,0:02.33,603636,149%
SEGUL,0.18.1,Esselstyn et al. 2021,102,4040,5398947,DNA,Alignment Concatenation,openSUSE,AMD Ryzen 9 3900X 12-Core Processor,0:02.33,605760,147%
SEGUL,0.18.1,Esselstyn et al. 2021,102,4040,5398947,DNA,Alignment Concatenation,openSUSE,AMD Ryzen 9 3900X 12-Core Processor,0:02.34,612416,148%
SEGUL,0.18.1,Esselstyn et al. 2021,102,4040,5398947,DNA,Alignment Concatenation,openSUSE,AMD Ryzen 9 3900X 12-Core Processor,0:02.26,608048,153%
SEGUL,0.18.1,Esselstyn et al. 2021,102,4040,5398947,DNA,Alignment Concatenation,openSUSE,AMD Ryzen 9 3900X 12-Core Processor,0:02.31,611400,151%
SEGUL,0.18.1,Oliveros et al. 2019,221,4060,2464926,DNA,Alignment Concatenation,openSUSE,AMD Ryzen 9 3900X 12-Core Processor,0:03.89,650608,128%
SEGUL,0.18.1,Oliveros et al. 2019,221,4060,2464926,DNA,Alignment Concatenation,openSUSE,AMD Ryzen 9 3900X 12-Core Processor,0:03.64,652856,147%
SEGUL,0.18.1,Oliveros et al. 2019,221,4060,2464926,DNA,Alignment Concatenation,openSUSE,AMD Ryzen 9 3900X 12-Core Processor,0:03.69,649224,146%
SEGUL,0.18.1,Oliveros et al. 2019,221,4060,2464926,DNA,Alignment Concatenation,openSUSE,AMD Ryzen 9 3900X 12-Core Processor,0:03.65,654124,147%
SEGUL,0.18.1,Oliveros et al. 2019,221,4060,2464926,DNA,Alignment Concatenation,openSUSE,AMD Ryzen 9 3900X 12-Core Processor,0:03.63,653372,147%
SEGUL,0.18.1,Oliveros et al. 2019,221,4060,2464926,DNA,Alignment Concatenation,openSUSE,AMD Ryzen 9 3900X 12-Core Processor,0:03.61,651768,148%
SEGUL,0.18.1,Oliveros et al. 2019,221,4060,2464926,DNA,Alignment Concatenation,openSUSE,AMD Ryzen 9 3900X 12-Core Processor,0:03.56,653688,158%
SEGUL,0.18.1,Oliveros et al. 2019,221,4060,2464926,DNA,Alignment Concatenation,openSUSE,AMD Ryzen 9 3900X 12-Core Processor,0:03.58,655648,148%
SEGUL,0.18.1,Oliveros et al. 2019,221,4060,2464926,DNA,Alignment Concatenation,openSUSE,AMD Ryzen 9 3900X 12-Core Processor,0:03.59,653112,147%
SEGUL,0.18.1,Oliveros et al. 2019,221,4060,2464926,DNA,Alignment Concatenation,openSUSE,AMD Ryzen 9 3900X 12-Core Processor,0:03.55,648300,149%
SEGUL,0.18.1,Jarvis et al. 2014,49,3679,9251694,DNA,Alignment Concatenation,openSUSE,AMD Ryzen 9 3900X 12-Core Processor,0:03.99,515720,115%
SEGUL,0.18.1,Jarvis et al. 2014,49,3679,9251694,DNA,Alignment Concatenation,openSUSE,AMD Ryzen 9 3900X 12-Core Processor,0:03.71,522064,137%
SEGUL,0.18.1,Jarvis et al. 2014,49,3679,9251694,DNA,Alignment Concatenation,openSUSE,AMD Ryzen 9 3900X 12-Core Processor,0:03.70,522328,136%
SEGUL,0.18.1,Jarvis et al. 2014,49,3679,9251694,DNA,Alignment Concatenation,openSUSE,AMD Ryzen 9 3900X 12-Core Processor,0:03.68,529656,133%
SEGUL,0.18.1,Jarvis et al. 2014,49,3679,9251694,DNA,Alignment Concatenation,openSUSE,AMD Ryzen 9 3900X 12-Core Processor,0:03.82,522472,135%
SEGUL,0.18.1,Jarvis et al. 2014,49,3679,9251694,DNA,Alignment Concatenation,openSUSE,AMD Ryzen 9 3900X 12-Core Processor,0:03.79,521204,134%
SEGUL,0.18.1,Jarvis et al. 2014,49,3679,9251694,DNA,Alignment Concatenation,openSUSE,AMD Ryzen 9 3900X 12-Core Processor,0:03.84,521748,135%
SEGUL,0.18.1,Jarvis et al. 2014,49,3679,9251694,DNA,Alignment Concatenation,openSUSE,AMD Ryzen 9 3900X 12-Core Processor,0:03.71,523904,136%
SEGUL,0.18.1,Jarvis et al. 2014,49,3679,9251694,DNA,Alignment Concatenation,openSUSE,AMD Ryzen 9 3900X 12-Core Processor,0:03.70,522984,136%
SEGUL,0.18.1,Jarvis et al. 2014,49,3679,9251694,DNA,Alignment Concatenation,openSUSE,AMD Ryzen 9 3900X 12-Core Processor,0:03.81,521840,135%
SEGUL,0.18.1,Chan et al. 2020,50,13181,6180393,DNA,Alignment Concatenation,openSUSE,AMD Ryzen 9 3900X 12-Core Processor,0:02.35,390988,130%
SEGUL,0.18.1,Chan et al. 2020,50,13181,6180393,DNA,Alignment Concatenation,openSUSE,AMD Ryzen 9 3900X 12-Core Processor,0:02.24,391224,170%
SEGUL,0.18.1,Chan et al. 2020,50,13181,6180393,DNA,Alignment Concatenation,openSUSE,AMD Ryzen 9 3900X 12-Core Processor,0:02.20,388260,171%
SEGUL,0.18.1,Chan et al. 2020,50,13181,6180393,DNA,Alignment Concatenation,openSUSE,AMD Ryzen 9 3900X 12-Core Processor,0:02.28,392292,166%
SEGUL,0.18.1,Chan et al. 2020,50,13181,6180393,DNA,Alignment Concatenation,openSUSE,AMD Ryzen 9 3900X 12-Core Processor,0:02.24,391620,167%
SEGUL,0.18.1,Chan et al. 2020,50,13181,6180393,DNA,Alignment Concatenation,openSUSE,AMD Ryzen 9 3900X 12-Core Processor,0:02.26,390804,171%
SEGUL,0.18.1,Chan et al. 2020,50,13181,6180393,DNA,Alignment Concatenation,openSUSE,AMD Ryzen 9 3900X 12-Core Processor,0:02.24,392696,170%
SEGUL,0.18.1,Chan et al. 2020,50,13181,6180393,DNA,Alignment Concatenation,openSUSE,AMD Ryzen 9 3900X 12-Core Processor,0:02.22,391024,176%
SEGUL,0.18.1,Chan et al. 2020,50,13181,6180393,DNA,Alignment Concatenation,openSUSE,AMD Ryzen 9 3900X 12-Core Processor,0:02.22,389976,168%
SEGUL,0.18.1,Chan et al. 2020,50,13181,6180393,DNA,Alignment Concatenation,openSUSE,AMD Ryzen 9 3900X 12-Core Processor,0:02.22,391572,166%
SEGUL (--datatype ignore),0.18.1,Esselstyn et al. 2021,102,4040,5398947,DNA,Alignment Concatenation,openSUSE,AMD Ryzen 9 3900X 12-Core Processor,0:00.95,606716,226%
SEGUL (--datatype ignore),0.18.1,Esselstyn et al. 2021,102,4040,5398947,DNA,Alignment Concatenation,openSUSE,AMD Ryzen 9 3900X 12-Core Processor,0:00.98,614228,206%
SEGUL (--datatype ignore),0.18.1,Esselstyn et al. 2021,102,4040,5398947,DNA,Alignment Concatenation,openSUSE,AMD Ryzen 9 3900X 12-Core Processor,0:00.95,608480,220%
SEGUL (--datatype ignore),0.18.1,Esselstyn et al. 2021,102,4040,5398947,DNA,Alignment Concatenation,openSUSE,AMD Ryzen 9 3900X 12-Core Processor,0:00.96,600792,224%
SEGUL (--datatype ignore),0.18.1,Esselstyn et al. 2021,102,4040,5398947,DNA,Alignment Concatenation,openSUSE,AMD Ryzen 9 3900X 12-Core Processor,0:00.96,611096,218%
SEGUL (--datatype ignore),0.18.1,Esselstyn et al. 2021,102,4040,5398947,DNA,Alignment Concatenation,openSUSE,AMD Ryzen 9 3900X 12-Core Processor,0:00.96,602892,216%
SEGUL (--datatype ignore),0.18.1,Esselstyn et al. 2021,102,4040,5398947,DNA,Alignment Concatenation,openSUSE,AMD Ryzen 9 3900X 12-Core Processor,0:00.98,607872,223%
SEGUL (--datatype ignore),0.18.1,Esselstyn et al. 2021,102,4040,5398947,DNA,Alignment Concatenation,openSUSE,AMD Ryzen 9 3900X 12-Core Processor,0:00.95,600068,213%
SEGUL (--datatype ignore),0.18.1,Esselstyn et al. 2021,102,4040,5398947,DNA,Alignment Concatenation,openSUSE,AMD Ryzen 9 3900X 12-Core Processor,0:00.96,603052,222%
SEGUL (--datatype ignore),0.18.1,Esselstyn et al. 2021,102,4040,5398947,DNA,Alignment Concatenation,openSUSE,AMD Ryzen 9 3900X 12-Core Processor,0:00.96,606240,233%
SEGUL (--datatype ignore),0.18.1,Oliveros et al. 2019,221,4060,2464926,DNA,Alignment Concatenation,openSUSE,AMD Ryzen 9 3900X 12-Core Processor,0:01.41,650904,234%
SEGUL (--datatype ignore),0.18.1,Oliveros et al. 2019,221,4060,2464926,DNA,Alignment Concatenation,openSUSE,AMD Ryzen 9 3900X 12-Core Processor,0:01.40,646984,221%
SEGUL (--datatype ignore),0.18.1,Oliveros et al. 2019,221,4060,2464926,DNA,Alignment Concatenation,openSUSE,AMD Ryzen 9 3900X 12-Core Processor,0:01.42,650476,220%
SEGUL (--datatype ignore),0.18.1,Oliveros et al. 2019,221,4060,2464926,DNA,Alignment Concatenation,openSUSE,AMD Ryzen 9 3900X 12-Core Processor,0:01.42,648076,219%
SEGUL (--datatype ignore),0.18.1,Oliveros et al. 2019,221,4060,2464926,DNA,Alignment Concatenation,openSUSE,AMD Ryzen 9 3900X 12-Core Processor,0:01.40,648760,225%
SEGUL (--datatype ignore),0.18.1,Oliveros et al. 2019,221,4060,2464926,DNA,Alignment Concatenation,openSUSE,AMD Ryzen 9 3900X 12-Core Processor,0:01.42,650896,225%
SEGUL (--datatype ignore),0.18.1,Oliveros et al. 2019,221,4060,2464926,DNA,Alignment Concatenation,openSUSE,AMD Ryzen 9 3900X 12-Core Processor,0:01.44,656528,222%
SEGUL (--datatype ignore),0.18.1,Oliveros et al. 2019,221,4060,2464926,DNA,Alignment Concatenation,openSUSE,AMD Ryzen 9 3900X 12-Core Processor,0:01.43,652636,226%
SEGUL (--datatype ignore),0.18.1,Oliveros et al. 2019,221,4060,2464926,DNA,Alignment Concatenation,openSUSE,AMD Ryzen 9 3900X 12-Core Processor,0:01.43,651368,222%
SEGUL (--datatype ignore),0.18.1,Oliveros et al. 2019,221,4060,2464926,DNA,Alignment Concatenation,openSUSE,AMD Ryzen 9 3900X 12-Core Processor,0:01.41,651148,226%
SEGUL (--datatype ignore),0.18.1,Jarvis et al. 2014,49,3679,9251694,DNA,Alignment Concatenation,openSUSE,AMD Ryzen 9 3900X 12-Core Processor,0:00.96,522668,231%
SEGUL (--datatype ignore),0.18.1,Jarvis et al. 2014,49,3679,9251694,DNA,Alignment Concatenation,openSUSE,AMD Ryzen 9 3900X 12-Core Processor,0:00.99,523424,240%
SEGUL (--datatype ignore),0.18.1,Jarvis et al. 2014,49,3679,9251694,DNA,Alignment Concatenation,openSUSE,AMD Ryzen 9 3900X 12-Core Processor,0:00.96,525672,233%
SEGUL (--datatype ignore),0.18.1,Jarvis et al. 2014,49,3679,9251694,DNA,Alignment Concatenation,openSUSE,AMD Ryzen 9 3900X 12-Core Processor,0:00.97,522820,248%
SEGUL (--datatype ignore),0.18.1,Jarvis et al. 2014,49,3679,9251694,DNA,Alignment Concatenation,openSUSE,AMD Ryzen 9 3900X 12-Core Processor,0:00.98,529980,241%
SEGUL (--datatype ignore),0.18.1,Jarvis et al. 2014,49,3679,9251694,DNA,Alignment Concatenation,openSUSE,AMD Ryzen 9 3900X 12-Core Processor,0:00.99,528908,230%
SEGUL (--datatype ignore),0.18.1,Jarvis et al. 2014,49,3679,9251694,DNA,Alignment Concatenation,openSUSE,AMD Ryzen 9 3900X 12-Core Processor,0:00.99,525120,239%
SEGUL (--datatype ignore),0.18.1,Jarvis et al. 2014,49,3679,9251694,DNA,Alignment Concatenation,openSUSE,AMD Ryzen 9 3900X 12-Core Processor,0:00.99,533196,238%
SEGUL (--datatype ignore),0.18.1,Jarvis et al. 2014,49,3679,9251694,DNA,Alignment Concatenation,openSUSE,AMD Ryzen 9 3900X 12-Core Processor,0:00.99,522616,238%
SEGUL (--datatype ignore),0.18.1,Jarvis et al. 2014,49,3679,9251694,DNA,Alignment Concatenation,openSUSE,AMD Ryzen 9 3900X 12-Core Processor,0:00.98,528756,227%
SEGUL (--datatype ignore),0.18.1,Chan et al. 2020,50,13181,6180393,DNA,Alignment Concatenation,openSUSE,AMD Ryzen 9 3900X 12-Core Processor,0:00.88,391304,281%
SEGUL (--datatype ignore),0.18.1,Chan et al. 2020,50,13181,6180393,DNA,Alignment Concatenation,openSUSE,AMD Ryzen 9 3900X 12-Core Processor,0:00.89,392744,277%
SEGUL (--datatype ignore),0.18.1,Chan et al. 2020,50,13181,6180393,DNA,Alignment Concatenation,openSUSE,AMD Ryzen 9 3900X 12-Core Processor,0:00.90,385984,282%
SEGUL (--datatype ignore),0.18.1,Chan et al. 2020,50,13181,6180393,DNA,Alignment Concatenation,openSUSE,AMD Ryzen 9 3900X 12-Core Processor,0:00.89,392000,276%
SEGUL (--datatype ignore),0.18.1,Chan et al. 2020,50,13181,6180393,DNA,Alignment Concatenation,openSUSE,AMD Ryzen 9 3900X 12-Core Processor,0:00.90,392232,280%
SEGUL (--datatype ignore),0.18.1,Chan et al. 2020,50,13181,6180393,DNA,Alignment Concatenation,openSUSE,AMD Ryzen 9 3900X 12-Core Processor,0:00.90,386092,273%
SEGUL (--datatype ignore),0.18.1,Chan et al. 2020,50,13181,6180393,DNA,Alignment Concatenation,openSUSE,AMD Ryzen 9 3900X 12-Core Processor,0:00.90,392572,276%
SEGUL (--datatype ignore),0.18.1,Chan et al. 2020,50,13181,6180393,DNA,Alignment Concatenation,openSUSE,AMD Ryzen 9 3900X 12-Core Processor,0:00.89,387176,273%
SEGUL (--datatype ignore),0.18.1,Chan et al. 2020,50,13181,6180393,DNA,Alignment Concatenation,openSUSE,AMD Ryzen 9 3900X 12-Core Processor,0:00.90,392256,279%
SEGUL (--datatype ignore),0.18.1,Chan et al. 2020,50,13181,6180393,DNA,Alignment Concatenation,openSUSE,AMD Ryzen 9 3900X 12-Core Processor,0:00.90,383040,267%
AMAS,v1.02,Esselstyn et al. 2021,102,4040,5398947,DNA,Alignment Concatenation,openSUSE,AMD Ryzen 9 3900X 12-Core Processor,0:01.70,2053672,783%
AMAS,v1.02,Esselstyn et al. 2021,102,4040,5398947,DNA,Alignment Concatenation,openSUSE,AMD Ryzen 9 3900X 12-Core Processor,0:01.67,2052924,796%
AMAS,v1.02,Esselstyn et al. 2021,102,4040,5398947,DNA,Alignment Concatenation,openSUSE,AMD Ryzen 9 3900X 12-Core Processor,0:01.65,2052784,807%
AMAS,v1.02,Esselstyn et al. 2021,102,4040,5398947,DNA,Alignment Concatenation,openSUSE,AMD Ryzen 9 3900X 12-Core Processor,0:01.59,2052988,832%
AMAS,v1.02,Esselstyn et al. 2021,102,4040,5398947,DNA,Alignment Concatenation,openSUSE,AMD Ryzen 9 3900X 12-Core Processor,0:01.60,2055280,841%
AMAS,v1.02,Esselstyn et al. 2021,102,4040,5398947,DNA,Alignment Concatenation,openSUSE,AMD Ryzen 9 3900X 12-Core Processor,0:01.68,2055184,777%
AMAS,v1.02,Esselstyn et al. 2021,102,4040,5398947,DNA,Alignment Concatenation,openSUSE,AMD Ryzen 9 3900X 12-Core Processor,0:01.66,2056560,797%
AMAS,v1.02,Esselstyn et al. 2021,102,4040,5398947,DNA,Alignment Concatenation,openSUSE,AMD Ryzen 9 3900X 12-Core Processor,0:01.68,2053500,795%
AMAS,v1.02,Esselstyn et al. 2021,102,4040,5398947,DNA,Alignment Concatenation,openSUSE,AMD Ryzen 9 3900X 12-Core Processor,0:01.65,2052920,797%
AMAS,v1.02,Esselstyn et al. 2021,102,4040,5398947,DNA,Alignment Concatenation,openSUSE,AMD Ryzen 9 3900X 12-Core Processor,0:01.69,2054684,783%
AMAS,v1.02,Oliveros et al. 2019,221,4060,2464926,DNA,Alignment Concatenation,openSUSE,AMD Ryzen 9 3900X 12-Core Processor,0:03.66,2316808,644%
AMAS,v1.02,Oliveros et al. 2019,221,4060,2464926,DNA,Alignment Concatenation,openSUSE,AMD Ryzen 9 3900X 12-Core Processor,0:03.69,2316584,636%
AMAS,v1.02,Oliveros et al. 2019,221,4060,2464926,DNA,Alignment Concatenation,openSUSE,AMD Ryzen 9 3900X 12-Core Processor,0:04.35,2314660,555%
AMAS,v1.02,Oliveros et al. 2019,221,4060,2464926,DNA,Alignment Concatenation,openSUSE,AMD Ryzen 9 3900X 12-Core Processor,0:03.80,2318960,621%
AMAS,v1.02,Oliveros et al. 2019,221,4060,2464926,DNA,Alignment Concatenation,openSUSE,AMD Ryzen 9 3900X 12-Core Processor,0:03.64,2319552,647%
AMAS,v1.02,Oliveros et al. 2019,221,4060,2464926,DNA,Alignment Concatenation,openSUSE,AMD Ryzen 9 3900X 12-Core Processor,0:03.62,2316908,646%
AMAS,v1.02,Oliveros et al. 2019,221,4060,2464926,DNA,Alignment Concatenation,openSUSE,AMD Ryzen 9 3900X 12-Core Processor,0:03.63,2316712,646%
AMAS,v1.02,Oliveros et al. 2019,221,4060,2464926,DNA,Alignment Concatenation,openSUSE,AMD Ryzen 9 3900X 12-Core Processor,0:03.63,2319348,647%
AMAS,v1.02,Oliveros et al. 2019,221,4060,2464926,DNA,Alignment Concatenation,openSUSE,AMD Ryzen 9 3900X 12-Core Processor,0:03.60,2318604,649%
AMAS,v1.02,Oliveros et al. 2019,221,4060,2464926,DNA,Alignment Concatenation,openSUSE,AMD Ryzen 9 3900X 12-Core Processor,0:03.63,2317356,643%
AMAS,v1.02,Jarvis et al. 2014,49,3679,9251694,DNA,Alignment Concatenation,openSUSE,AMD Ryzen 9 3900X 12-Core Processor,0:01.56,1841976,1116%
AMAS,v1.02,Jarvis et al. 2014,49,3679,9251694,DNA,Alignment Concatenation,openSUSE,AMD Ryzen 9 3900X 12-Core Processor,0:01.59,1842336,1070%
AMAS,v1.02,Jarvis et al. 2014,49,3679,9251694,DNA,Alignment Concatenation,openSUSE,AMD Ryzen 9 3900X 12-Core Processor,0:01.57,1844204,1099%
AMAS,v1.02,Jarvis et al. 2014,49,3679,9251694,DNA,Alignment Concatenation,openSUSE,AMD Ryzen 9 3900X 12-Core Processor,0:01.60,1842332,1097%
AMAS,v1.02,Jarvis et al. 2014,49,3679,9251694,DNA,Alignment Concatenation,openSUSE,AMD Ryzen 9 3900X 12-Core Processor,0:01.58,1844084,1106%
AMAS,v1.02,Jarvis et al. 2014,49,3679,9251694,DNA,Alignment Concatenation,openSUSE,AMD Ryzen 9 3900X 12-Core Processor,0:01.52,1841840,1151%
AMAS,v1.02,Jarvis et al. 2014,49,3679,9251694,DNA,Alignment Concatenation,openSUSE,AMD Ryzen 9 3900X 12-Core Processor,0:01.61,1842136,1073%
AMAS,v1.02,Jarvis et al. 2014,49,3679,9251694,DNA,Alignment Concatenation,openSUSE,AMD Ryzen 9 3900X 12-Core Processor,0:01.58,1842808,1103%
AMAS,v1.02,Jarvis et al. 2014,49,3679,9251694,DNA,Alignment Concatenation,openSUSE,AMD Ryzen 9 3900X 12-Core Processor,0:01.54,1842400,1136%
AMAS,v1.02,Jarvis et al. 2014,49,3679,9251694,DNA,Alignment Concatenation,openSUSE,AMD Ryzen 9 3900X 12-Core Processor,0:01.51,1842168,1150%
AMAS,v1.02,Chan et al. 2020,50,13181,6180393,DNA,Alignment Concatenation,openSUSE,AMD Ryzen 9 3900X 12-Core Processor,0:01.71,1291744,712%
AMAS,v1.02,Chan et al. 2020,50,13181,6180393,DNA,Alignment Concatenation,openSUSE,AMD Ryzen 9 3900X 12-Core Processor,0:01.69,1292460,720%
AMAS,v1.02,Chan et al. 2020,50,13181,6180393,DNA,Alignment Concatenation,openSUSE,AMD Ryzen 9 3900X 12-Core Processor,0:01.70,1291976,711%
AMAS,v1.02,Chan et al. 2020,50,13181,6180393,DNA,Alignment Concatenation,openSUSE,AMD Ryzen 9 3900X 12-Core Processor,0:01.79,1291864,695%
AMAS,v1.02,Chan et al. 2020,50,13181,6180393,DNA,Alignment Concatenation,openSUSE,AMD Ryzen 9 3900X 12-Core Processor,0:01.69,1292032,729%
AMAS,v1.02,Chan et al. 2020,50,13181,6180393,DNA,Alignment Concatenation,openSUSE,AMD Ryzen 9 3900X 12-Core Processor,0:01.66,1291704,734%
AMAS,v1.02,Chan et al. 2020,50,13181,6180393,DNA,Alignment Concatenation,openSUSE,AMD Ryzen 9 3900X 12-Core Processor,0:01.77,1292156,694%
AMAS,v1.02,Chan et al. 2020,50,13181,6180393,DNA,Alignment Concatenation,openSUSE,AMD Ryzen 9 3900X 12-Core Processor,0:01.71,1291932,725%
AMAS,v1.02,Chan et al. 2020,50,13181,6180393,DNA,Alignment Concatenation,openSUSE,AMD Ryzen 9 3900X 12-Core Processor,0:01.79,1292248,678%
AMAS,v1.02,Chan et al. 2020,50,13181,6180393,DNA,Alignment Concatenation,openSUSE,AMD Ryzen 9 3900X 12-Core Processor,0:01.70,1294424,731%
AMAS,v1.02,Esselstyn et al. 2021,102,4040,5398947,DNA,Alignment Concatenation,openSUSE,AMD Ryzen 9 3900X 12-Core Processor,0:10.75,2053832,208%
AMAS,v1.02,Esselstyn et al. 2021,102,4040,5398947,DNA,Alignment Concatenation,openSUSE,AMD Ryzen 9 3900X 12-Core Processor,0:10.94,2054988,207%
AMAS,v1.02,Esselstyn et al. 2021,102,4040,5398947,DNA,Alignment Concatenation,openSUSE,AMD Ryzen 9 3900X 12-Core Processor,0:11.02,2056520,206%
AMAS,v1.02,Esselstyn et al. 2021,102,4040,5398947,DNA,Alignment Concatenation,openSUSE,AMD Ryzen 9 3900X 12-Core Processor,0:10.85,2056672,204%
AMAS,v1.02,Esselstyn et al. 2021,102,4040,5398947,DNA,Alignment Concatenation,openSUSE,AMD Ryzen 9 3900X 12-Core Processor,0:10.86,2055132,207%
AMAS,v1.02,Esselstyn et al. 2021,102,4040,5398947,DNA,Alignment Concatenation,openSUSE,AMD Ryzen 9 3900X 12-Core Processor,0:11.02,2054812,206%
AMAS,v1.02,Esselstyn et al. 2021,102,4040,5398947,DNA,Alignment Concatenation,openSUSE,AMD Ryzen 9 3900X 12-Core Processor,0:10.88,2054596,206%
AMAS,v1.02,Esselstyn et al. 2021,102,4040,5398947,DNA,Alignment Concatenation,openSUSE,AMD Ryzen 9 3900X 12-Core Processor,0:10.79,2053472,207%
AMAS,v1.02,Esselstyn et al. 2021,102,4040,5398947,DNA,Alignment Concatenation,openSUSE,AMD Ryzen 9 3900X 12-Core Processor,0:10.65,2053108,211%
AMAS,v1.02,Esselstyn et al. 2021,102,4040,5398947,DNA,Alignment Concatenation,openSUSE,AMD Ryzen 9 3900X 12-Core Processor,0:10.80,2054872,207%
AMAS,v1.02,Oliveros et al. 2019,221,4060,2464926,DNA,Alignment Concatenation,openSUSE,AMD Ryzen 9 3900X 12-Core Processor,5:49.13,2316772,105%
AMAS,v1.02,Oliveros et al. 2019,221,4060,2464926,DNA,Alignment Concatenation,openSUSE,AMD Ryzen 9 3900X 12-Core Processor,3:21.94,2314416,109%
AMAS,v1.02,Oliveros et al. 2019,221,4060,2464926,DNA,Alignment Concatenation,openSUSE,AMD Ryzen 9 3900X 12-Core Processor,3:10.57,2314836,110%
AMAS,v1.02,Oliveros et al. 2019,221,4060,2464926,DNA,Alignment Concatenation,openSUSE,AMD Ryzen 9 3900X 12-Core Processor,3:16.65,2316192,110%
AMAS,v1.02,Oliveros et al. 2019,221,4060,2464926,DNA,Alignment Concatenation,openSUSE,AMD Ryzen 9 3900X 12-Core Processor,3:20.01,2314504,109%
AMAS,v1.02,Oliveros et al. 2019,221,4060,2464926,DNA,Alignment Concatenation,openSUSE,AMD Ryzen 9 3900X 12-Core Processor,3:13.55,2314332,110%
AMAS,v1.02,Oliveros et al. 2019,221,4060,2464926,DNA,Alignment Concatenation,openSUSE,AMD Ryzen 9 3900X 12-Core Processor,3:18.04,2314700,110%
AMAS,v1.02,Oliveros et al. 2019,221,4060,2464926,DNA,Alignment Concatenation,openSUSE,AMD Ryzen 9 3900X 12-Core Processor,3:31.66,2314596,109%
AMAS,v1.02,Oliveros et al. 2019,221,4060,2464926,DNA,Alignment Concatenation,openSUSE,AMD Ryzen 9 3900X 12-Core Processor,3:43.76,2314600,108%
AMAS,v1.02,Oliveros et al. 2019,221,4060,2464926,DNA,Alignment Concatenation,openSUSE,AMD Ryzen 9 3900X 12-Core Processor,3:11.79,2317004,110%
AMAS,v1.02,Jarvis et al. 2014,49,3679,9251694,DNA,Alignment Concatenation,openSUSE,AMD Ryzen 9 3900X 12-Core Processor,0:05.52,1842104,390%
AMAS,v1.02,Jarvis et al. 2014,49,3679,9251694,DNA,Alignment Concatenation,openSUSE,AMD Ryzen 9 3900X 12-Core Processor,0:05.44,1844324,394%
AMAS,v1.02,Jarvis et al. 2014,49,3679,9251694,DNA,Alignment Concatenation,openSUSE,AMD Ryzen 9 3900X 12-Core Processor,0:05.48,1843688,392%
AMAS,v1.02,Jarvis et al. 2014,49,3679,9251694,DNA,Alignment Concatenation,openSUSE,AMD Ryzen 9 3900X 12-Core Processor,0:05.43,1842252,396%
AMAS,v1.02,Jarvis et al. 2014,49,3679,9251694,DNA,Alignment Concatenation,openSUSE,AMD Ryzen 9 3900X 12-Core Processor,0:05.55,1841800,387%
AMAS,v1.02,Jarvis et al. 2014,49,3679,9251694,DNA,Alignment Concatenation,openSUSE,AMD Ryzen 9 3900X 12-Core Processor,0:05.48,1841992,391%
AMAS,v1.02,Jarvis et al. 2014,49,3679,9251694,DNA,Alignment Concatenation,openSUSE,AMD Ryzen 9 3900X 12-Core Processor,0:05.47,1842372,391%
AMAS,v1.02,Jarvis et al. 2014,49,3679,9251694,DNA,Alignment Concatenation,openSUSE,AMD Ryzen 9 3900X 12-Core Processor,0:05.49,1842056,384%
AMAS,v1.02,Jarvis et al. 2014,49,3679,9251694,DNA,Alignment Concatenation,openSUSE,AMD Ryzen 9 3900X 12-Core Processor,0:05.51,1841888,391%
AMAS,v1.02,Jarvis et al. 2014,49,3679,9251694,DNA,Alignment Concatenation,openSUSE,AMD Ryzen 9 3900X 12-Core Processor,0:05.53,1841968,387%
AMAS,v1.02,Chan et al. 2020,50,13181,6180393,DNA,Alignment Concatenation,openSUSE,AMD Ryzen 9 3900X 12-Core Processor,0:09.94,1288728,207%
AMAS,v1.02,Chan et al. 2020,50,13181,6180393,DNA,Alignment Concatenation,openSUSE,AMD Ryzen 9 3900X 12-Core Processor,0:10.57,1288680,201%
AMAS,v1.02,Chan et al. 2020,50,13181,6180393,DNA,Alignment Concatenation,openSUSE,AMD Ryzen 9 3900X 12-Core Processor,0:10.29,1289732,202%
AMAS,v1.02,Chan et al. 2020,50,13181,6180393,DNA,Alignment Concatenation,openSUSE,AMD Ryzen 9 3900X 12-Core Processor,0:10.07,1290652,205%
AMAS,v1.02,Chan et al. 2020,50,13181,6180393,DNA,Alignment Concatenation,openSUSE,AMD Ryzen 9 3900X 12-Core Processor,0:10.00,1288788,206%
AMAS,v1.02,Chan et al. 2020,50,13181,6180393,DNA,Alignment Concatenation,openSUSE,AMD Ryzen 9 3900X 12-Core Processor,0:09.95,1287160,207%
AMAS,v1.02,Chan et al. 2020,50,13181,6180393,DNA,Alignment Concatenation,openSUSE,AMD Ryzen 9 3900X 12-Core Processor,0:10.38,1288900,201%
AMAS,v1.02,Chan et al. 2020,50,13181,6180393,DNA,Alignment Concatenation,openSUSE,AMD Ryzen 9 3900X 12-Core Processor,0:10.36,1288900,202%
AMAS,v1.02,Chan et al. 2020,50,13181,6180393,DNA,Alignment Concatenation,openSUSE,AMD Ryzen 9 3900X 12-Core Processor,0:10.29,1290924,202%
AMAS,v1.02,Chan et al. 2020,50,13181,6180393,DNA,Alignment Concatenation,openSUSE,AMD Ryzen 9 3900X 12-Core Processor,0:13.84,1288800,176%
SEGUL,0.18.1,Wu et al. 2018,90,5162,3050198,DNA,Alignment Conversion,openSUSE,AMD Ryzen 9 3900X 12-Core Processor,0:00.24,32488,1826%
SEGUL,0.18.1,Wu et al. 2018,90,5162,3050198,DNA,Alignment Conversion,openSUSE,AMD Ryzen 9 3900X 12-Core Processor,0:00.24,32592,1862%
SEGUL,0.18.1,Wu et al. 2018,90,5162,3050198,DNA,Alignment Conversion,openSUSE,AMD Ryzen 9 3900X 12-Core Processor,0:00.24,30444,1925%
SEGUL,0.18.1,Wu et al. 2018,90,5162,3050198,DNA,Alignment Conversion,openSUSE,AMD Ryzen 9 3900X 12-Core Processor,0:00.23,31792,1899%
SEGUL,0.18.1,Wu et al. 2018,90,5162,3050198,DNA,Alignment Conversion,openSUSE,AMD Ryzen 9 3900X 12-Core Processor,0:00.26,31868,1908%
SEGUL,0.18.1,Wu et al. 2018,90,5162,3050198,DNA,Alignment Conversion,openSUSE,AMD Ryzen 9 3900X 12-Core Processor,0:00.23,31136,1938%
SEGUL,0.18.1,Wu et al. 2018,90,5162,3050198,DNA,Alignment Conversion,openSUSE,AMD Ryzen 9 3900X 12-Core Processor,0:00.23,31080,1961%
SEGUL,0.18.1,Wu et al. 2018,90,5162,3050198,DNA,Alignment Conversion,openSUSE,AMD Ryzen 9 3900X 12-Core Processor,0:00.25,30112,1846%
SEGUL,0.18.1,Wu et al. 2018,90,5162,3050198,DNA,Alignment Conversion,openSUSE,AMD Ryzen 9 3900X 12-Core Processor,0:00.23,30744,1967%
SEGUL,0.18.1,Wu et al. 2018,90,5162,3050198,DNA,Alignment Conversion,openSUSE,AMD Ryzen 9 3900X 12-Core Processor,0:00.23,31396,1922%
SEGUL,0.18.1,Shen et al. 2018,343,2408,1162805,DNA,Alignment Conversion,openSUSE,AMD Ryzen 9 3900X 12-Core Processor,0:00.45,68440,2058%
SEGUL,0.18.1,Shen et al. 2018,343,2408,1162805,DNA,Alignment Conversion,openSUSE,AMD Ryzen 9 3900X 12-Core Processor,0:00.41,70944,2004%
SEGUL,0.18.1,Shen et al. 2018,343,2408,1162805,DNA,Alignment Conversion,openSUSE,AMD Ryzen 9 3900X 12-Core Processor,0:00.44,67980,1948%
SEGUL,0.18.1,Shen et al. 2018,343,2408,1162805,DNA,Alignment Conversion,openSUSE,AMD Ryzen 9 3900X 12-Core Processor,0:00.45,69200,1934%
SEGUL,0.18.1,Shen et al. 2018,343,2408,1162805,DNA,Alignment Conversion,openSUSE,AMD Ryzen 9 3900X 12-Core Processor,0:00.46,72560,1918%
SEGUL,0.18.1,Shen et al. 2018,343,2408,1162805,DNA,Alignment Conversion,openSUSE,AMD Ryzen 9 3900X 12-Core Processor,0:00.43,67332,2038%
SEGUL,0.18.1,Shen et al. 2018,343,2408,1162805,DNA,Alignment Conversion,openSUSE,AMD Ryzen 9 3900X 12-Core Processor,0:00.47,68064,2059%
SEGUL,0.18.1,Shen et al. 2018,343,2408,1162805,DNA,Alignment Conversion,openSUSE,AMD Ryzen 9 3900X 12-Core Processor,0:00.40,70624,2081%
SEGUL,0.18.1,Shen et al. 2018,343,2408,1162805,DNA,Alignment Conversion,openSUSE,AMD Ryzen 9 3900X 12-Core Processor,0:00.46,67048,1950%
SEGUL,0.18.1,Shen et al. 2018,343,2408,1162805,DNA,Alignment Conversion,openSUSE,AMD Ryzen 9 3900X 12-Core Processor,0:00.40,70136,2113%
SEGUL (--datatype ignore),0.18.1,Wu et al. 2018,90,5162,3050198,DNA,Alignment Conversion,openSUSE,AMD Ryzen 9 3900X 12-Core Processor,0:00.12,29956,1402%
SEGUL (--datatype ignore),0.18.1,Wu et al. 2018,90,5162,3050198,DNA,Alignment Conversion,openSUSE,AMD Ryzen 9 3900X 12-Core Processor,0:00.18,32416,1161%
SEGUL (--datatype ignore),0.18.1,Wu et al. 2018,90,5162,3050198,DNA,Alignment Conversion,openSUSE,AMD Ryzen 9 3900X 12-Core Processor,0:00.13,33084,1232%
SEGUL (--datatype ignore),0.18.1,Wu et al. 2018,90,5162,3050198,DNA,Alignment Conversion,openSUSE,AMD Ryzen 9 3900X 12-Core Processor,0:00.13,30956,1465%
SEGUL (--datatype ignore),0.18.1,Wu et al. 2018,90,5162,3050198,DNA,Alignment Conversion,openSUSE,AMD Ryzen 9 3900X 12-Core Processor,0:00.13,31788,1333%
SEGUL (--datatype ignore),0.18.1,Wu et al. 2018,90,5162,3050198,DNA,Alignment Conversion,openSUSE,AMD Ryzen 9 3900X 12-Core Processor,0:00.13,29768,1397%
SEGUL (--datatype ignore),0.18.1,Wu et al. 2018,90,5162,3050198,DNA,Alignment Conversion,openSUSE,AMD Ryzen 9 3900X 12-Core Processor,0:00.12,29112,1313%
SEGUL (--datatype ignore),0.18.1,Wu et al. 2018,90,5162,3050198,DNA,Alignment Conversion,openSUSE,AMD Ryzen 9 3900X 12-Core Processor,0:00.13,31688,1429%
SEGUL (--datatype ignore),0.18.1,Wu et al. 2018,90,5162,3050198,DNA,Alignment Conversion,openSUSE,AMD Ryzen 9 3900X 12-Core Processor,0:00.12,28300,1369%
SEGUL (--datatype ignore),0.18.1,Wu et al. 2018,90,5162,3050198,DNA,Alignment Conversion,openSUSE,AMD Ryzen 9 3900X 12-Core Processor,0:00.12,31572,1417%
SEGUL (--datatype ignore),0.18.1,Shen et al. 2018,343,2408,1162805,DNA,Alignment Conversion,openSUSE,AMD Ryzen 9 3900X 12-Core Processor,0:00.15,75792,1757%
SEGUL (--datatype ignore),0.18.1,Shen et al. 2018,343,2408,1162805,DNA,Alignment Conversion,openSUSE,AMD Ryzen 9 3900X 12-Core Processor,0:00.18,65280,1497%
SEGUL (--datatype ignore),0.18.1,Shen et al. 2018,343,2408,1162805,DNA,Alignment Conversion,openSUSE,AMD Ryzen 9 3900X 12-Core Processor,0:00.28,66932,967%
SEGUL (--datatype ignore),0.18.1,Shen et al. 2018,343,2408,1162805,DNA,Alignment Conversion,openSUSE,AMD Ryzen 9 3900X 12-Core Processor,0:00.21,68048,1273%
SEGUL (--datatype ignore),0.18.1,Shen et al. 2018,343,2408,1162805,DNA,Alignment Conversion,openSUSE,AMD Ryzen 9 3900X 12-Core Processor,0:00.21,69188,1292%
SEGUL (--datatype ignore),0.18.1,Shen et al. 2018,343,2408,1162805,DNA,Alignment Conversion,openSUSE,AMD Ryzen 9 3900X 12-Core Processor,0:00.15,67872,1763%
SEGUL (--datatype ignore),0.18.1,Shen et al. 2018,343,2408,1162805,DNA,Alignment Conversion,openSUSE,AMD Ryzen 9 3900X 12-Core Processor,0:00.15,66420,1788%
SEGUL (--datatype ignore),0.18.1,Shen et al. 2018,343,2408,1162805,DNA,Alignment Conversion,openSUSE,AMD Ryzen 9 3900X 12-Core Processor,0:00.15,65556,1818%
SEGUL (--datatype ignore),0.18.1,Shen et al. 2018,343,2408,1162805,DNA,Alignment Conversion,openSUSE,AMD Ryzen 9 3900X 12-Core Processor,0:00.14,69136,1811%
SEGUL (--datatype ignore),0.18.1,Shen et al. 2018,343,2408,1162805,DNA,Alignment Conversion,openSUSE,AMD Ryzen 9 3900X 12-Core Processor,0:00.16,70272,1752%
AMAS,v1.02,Wu et al. 2018,90,5162,3050198,DNA,Alignment Conversion,openSUSE,AMD Ryzen 9 3900X 12-Core Processor,0:01.58,358760,1247%
AMAS,v1.02,Wu et al. 2018,90,5162,3050198,DNA,Alignment Conversion,openSUSE,AMD Ryzen 9 3900X 12-Core Processor,0:01.59,358244,1222%
AMAS,v1.02,Wu et al. 2018,90,5162,3050198,DNA,Alignment Conversion,openSUSE,AMD Ryzen 9 3900X 12-Core Processor,0:01.48,362088,1304%
AMAS,v1.02,Wu et al. 2018,90,5162,3050198,DNA,Alignment Conversion,openSUSE,AMD Ryzen 9 3900X 12-Core Processor,0:01.48,361508,1293%
AMAS,v1.02,Wu et al. 2018,90,5162,3050198,DNA,Alignment Conversion,openSUSE,AMD Ryzen 9 3900X 12-Core Processor,0:01.48,359416,1324%
AMAS,v1.02,Wu et al. 2018,90,5162,3050198,DNA,Alignment Conversion,openSUSE,AMD Ryzen 9 3900X 12-Core Processor,0:01.60,358468,1217%
AMAS,v1.02,Wu et al. 2018,90,5162,3050198,DNA,Alignment Conversion,openSUSE,AMD Ryzen 9 3900X 12-Core Processor,0:01.60,360148,1210%
AMAS,v1.02,Wu et al. 2018,90,5162,3050198,DNA,Alignment Conversion,openSUSE,AMD Ryzen 9 3900X 12-Core Processor,0:01.59,358212,1221%
AMAS,v1.02,Wu et al. 2018,90,5162,3050198,DNA,Alignment Conversion,openSUSE,AMD Ryzen 9 3900X 12-Core Processor,0:01.58,359912,1235%
AMAS,v1.02,Wu et al. 2018,90,5162,3050198,DNA,Alignment Conversion,openSUSE,AMD Ryzen 9 3900X 12-Core Processor,0:01.59,358352,1233%
AMAS,v1.02,Shen et al. 2018,343,2408,1162805,DNA,Alignment Conversion,openSUSE,AMD Ryzen 9 3900X 12-Core Processor,0:01.68,598916,871%
AMAS,v1.02,Shen et al. 2018,343,2408,1162805,DNA,Alignment Conversion,openSUSE,AMD Ryzen 9 3900X 12-Core Processor,0:01.57,602572,952%
AMAS,v1.02,Shen et al. 2018,343,2408,1162805,DNA,Alignment Conversion,openSUSE,AMD Ryzen 9 3900X 12-Core Processor,0:01.68,597196,879%
AMAS,v1.02,Shen et al. 2018,343,2408,1162805,DNA,Alignment Conversion,openSUSE,AMD Ryzen 9 3900X 12-Core Processor,0:01.67,600124,895%
AMAS,v1.02,Shen et al. 2018,343,2408,1162805,DNA,Alignment Conversion,openSUSE,AMD Ryzen 9 3900X 12-Core Processor,0:01.57,595896,960%
AMAS,v1.02,Shen et al. 2018,343,2408,1162805,DNA,Alignment Conversion,openSUSE,AMD Ryzen 9 3900X 12-Core Processor,0:01.57,603360,939%
AMAS,v1.02,Shen et al. 2018,343,2408,1162805,DNA,Alignment Conversion,openSUSE,AMD Ryzen 9 3900X 12-Core Processor,0:01.57,600972,940%
AMAS,v1.02,Shen et al. 2018,343,2408,1162805,DNA,Alignment Conversion,openSUSE,AMD Ryzen 9 3900X 12-Core Processor,0:01.57,607604,936%
AMAS,v1.02,Shen et al. 2018,343,2408,1162805,DNA,Alignment Conversion,openSUSE,AMD Ryzen 9 3900X 12-Core Processor,0:01.68,602184,887%
AMAS,v1.02,Shen et al. 2018,343,2408,1162805,DNA,Alignment Conversion,openSUSE,AMD Ryzen 9 3900X 12-Core Processor,0:01.69,594084,883%
AMAS,v1.02,Wu et al. 2018,90,5162,3050198,DNA,Alignment Conversion,openSUSE,AMD Ryzen 9 3900X 12-Core Processor,0:22.17,362020,180%
AMAS,v1.02,Wu et al. 2018,90,5162,3050198,DNA,Alignment Conversion,openSUSE,AMD Ryzen 9 3900X 12-Core Processor,0:22.32,358308,180%
AMAS,v1.02,Wu et al. 2018,90,5162,3050198,DNA,Alignment Conversion,openSUSE,AMD Ryzen 9 3900X 12-Core Processor,0:22.32,361128,181%
AMAS,v1.02,Wu et al. 2018,90,5162,3050198,DNA,Alignment Conversion,openSUSE,AMD Ryzen 9 3900X 12-Core Processor,0:22.34,359564,180%
AMAS,v1.02,Wu et al. 2018,90,5162,3050198,DNA,Alignment Conversion,openSUSE,AMD Ryzen 9 3900X 12-Core Processor,0:22.51,355380,180%
AMAS,v1.02,Wu et al. 2018,90,5162,3050198,DNA,Alignment Conversion,openSUSE,AMD Ryzen 9 3900X 12-Core Processor,0:22.46,360868,178%
AMAS,v1.02,Wu et al. 2018,90,5162,3050198,DNA,Alignment Conversion,openSUSE,AMD Ryzen 9 3900X 12-Core Processor,0:22.78,356616,179%
AMAS,v1.02,Wu et al. 2018,90,5162,3050198,DNA,Alignment Conversion,openSUSE,AMD Ryzen 9 3900X 12-Core Processor,0:22.82,357692,178%
AMAS,v1.02,Wu et al. 2018,90,5162,3050198,DNA,Alignment Conversion,openSUSE,AMD Ryzen 9 3900X 12-Core Processor,0:22.26,361304,181%
AMAS,v1.02,Wu et al. 2018,90,5162,3050198,DNA,Alignment Conversion,openSUSE,AMD Ryzen 9 3900X 12-Core Processor,0:22.57,357232,180%
AMAS,v1.02,Shen et al. 2018,343,2408,1162805,DNA,Alignment Conversion,openSUSE,AMD Ryzen 9 3900X 12-Core Processor,7:59.60,600388,102%
AMAS,v1.02,Shen et al. 2018,343,2408,1162805,DNA,Alignment Conversion,openSUSE,AMD Ryzen 9 3900X 12-Core Processor,8:02.22,598616,102%
AMAS,v1.02,Shen et al. 2018,343,2408,1162805,DNA,Alignment Conversion,openSUSE,AMD Ryzen 9 3900X 12-Core Processor,7:47.95,595624,102%
AMAS,v1.02,Shen et al. 2018,343,2408,1162805,DNA,Alignment Conversion,openSUSE,AMD Ryzen 9 3900X 12-Core Processor,7:56.08,600456,102%
AMAS,v1.02,Shen et al. 2018,343,2408,1162805,DNA,Alignment Conversion,openSUSE,AMD Ryzen 9 3900X 12-Core Processor,8:09.01,602960,102%
AMAS,v1.02,Shen et al. 2018,343,2408,1162805,DNA,Alignment Conversion,openSUSE,AMD Ryzen 9 3900X 12-Core Processor,7:59.92,597248,102%
AMAS,v1.02,Shen et al. 2018,343,2408,1162805,DNA,Alignment Conversion,openSUSE,AMD Ryzen 9 3900X 12-Core Processor,8:18.45,601044,102%
AMAS,v1.02,Shen et al. 2018,343,2408,1162805,DNA,Alignment Conversion,openSUSE,AMD Ryzen 9 3900X 12-Core Processor,8:00.35,600324,102%
AMAS,v1.02,Shen et al. 2018,343,2408,1162805,DNA,Alignment Conversion,openSUSE,AMD Ryzen 9 3900X 12-Core Processor,7:52.56,600164,102%
AMAS,v1.02,Shen et al. 2018,343,2408,1162805,DNA,Alignment Conversion,openSUSE,AMD Ryzen 9 3900X 12-Core Processor,7:55.03,601760,102%
SEGUL,0.18.1,Esselstyn et al. 2021,102,4040,5398947,DNA,Alignment Conversion,openSUSE,AMD Ryzen 9 3900X 12-Core Processor,0:00.23,28056,1908%
SEGUL,0.18.1,Esselstyn et al. 2021,102,4040,5398947,DNA,Alignment Conversion,openSUSE,AMD Ryzen 9 3900X 12-Core Processor,0:00.23,28904,1913%
SEGUL,0.18.1,Esselstyn et al. 2021,102,4040,5398947,DNA,Alignment Conversion,openSUSE,AMD Ryzen 9 3900X 12-Core Processor,0:00.26,29720,1815%
SEGUL,0.18.1,Esselstyn et al. 2021,102,4040,5398947,DNA,Alignment Conversion,openSUSE,AMD Ryzen 9 3900X 12-Core Processor,0:00.23,30008,1845%
SEGUL,0.18.1,Esselstyn et al. 2021,102,4040,5398947,DNA,Alignment Conversion,openSUSE,AMD Ryzen 9 3900X 12-Core Processor,0:00.24,29656,1862%
SEGUL,0.18.1,Esselstyn et al. 2021,102,4040,5398947,DNA,Alignment Conversion,openSUSE,AMD Ryzen 9 3900X 12-Core Processor,0:00.22,31240,1891%
SEGUL,0.18.1,Esselstyn et al. 2021,102,4040,5398947,DNA,Alignment Conversion,openSUSE,AMD Ryzen 9 3900X 12-Core Processor,0:00.25,30032,1877%
SEGUL,0.18.1,Esselstyn et al. 2021,102,4040,5398947,DNA,Alignment Conversion,openSUSE,AMD Ryzen 9 3900X 12-Core Processor,0:00.24,26932,1930%
SEGUL,0.18.1,Esselstyn et al. 2021,102,4040,5398947,DNA,Alignment Conversion,openSUSE,AMD Ryzen 9 3900X 12-Core Processor,0:00.23,27056,1841%
SEGUL,0.18.1,Esselstyn et al. 2021,102,4040,5398947,DNA,Alignment Conversion,openSUSE,AMD Ryzen 9 3900X 12-Core Processor,0:00.22,31516,1933%
SEGUL,0.18.1,Oliveros et al. 2019,221,4060,2464926,DNA,Alignment Conversion,openSUSE,AMD Ryzen 9 3900X 12-Core Processor,0:00.35,34720,1968%
SEGUL,0.18.1,Oliveros et al. 2019,221,4060,2464926,DNA,Alignment Conversion,openSUSE,AMD Ryzen 9 3900X 12-Core Processor,0:00.36,32012,1948%
SEGUL,0.18.1,Oliveros et al. 2019,221,4060,2464926,DNA,Alignment Conversion,openSUSE,AMD Ryzen 9 3900X 12-Core Processor,0:00.38,35228,1970%
SEGUL,0.18.1,Oliveros et al. 2019,221,4060,2464926,DNA,Alignment Conversion,openSUSE,AMD Ryzen 9 3900X 12-Core Processor,0:00.34,35456,1983%
SEGUL,0.18.1,Oliveros et al. 2019,221,4060,2464926,DNA,Alignment Conversion,openSUSE,AMD Ryzen 9 3900X 12-Core Processor,0:00.35,34288,1964%
SEGUL,0.18.1,Oliveros et al. 2019,221,4060,2464926,DNA,Alignment Conversion,openSUSE,AMD Ryzen 9 3900X 12-Core Processor,0:00.34,35676,1975%
SEGUL,0.18.1,Oliveros et al. 2019,221,4060,2464926,DNA,Alignment Conversion,openSUSE,AMD Ryzen 9 3900X 12-Core Processor,0:00.38,34104,1967%
SEGUL,0.18.1,Oliveros et al. 2019,221,4060,2464926,DNA,Alignment Conversion,openSUSE,AMD Ryzen 9 3900X 12-Core Processor,0:00.37,36208,2007%
SEGUL,0.18.1,Oliveros et al. 2019,221,4060,2464926,DNA,Alignment Conversion,openSUSE,AMD Ryzen 9 3900X 12-Core Processor,0:00.33,34744,1998%
SEGUL,0.18.1,Oliveros et al. 2019,221,4060,2464926,DNA,Alignment Conversion,openSUSE,AMD Ryzen 9 3900X 12-Core Processor,0:00.34,35356,1932%
SEGUL,0.18.1,Jarvis et al. 2014,49,3679,9251694,DNA,Alignment Conversion,openSUSE,AMD Ryzen 9 3900X 12-Core Processor,0:00.41,26320,1647%
SEGUL,0.18.1,Jarvis et al. 2014,49,3679,9251694,DNA,Alignment Conversion,openSUSE,AMD Ryzen 9 3900X 12-Core Processor,0:00.37,23696,1806%
SEGUL,0.18.1,Jarvis et al. 2014,49,3679,9251694,DNA,Alignment Conversion,openSUSE,AMD Ryzen 9 3900X 12-Core Processor,0:00.35,28712,1905%
SEGUL,0.18.1,Jarvis et al. 2014,49,3679,9251694,DNA,Alignment Conversion,openSUSE,AMD Ryzen 9 3900X 12-Core Processor,0:00.38,26384,1713%
SEGUL,0.18.1,Jarvis et al. 2014,49,3679,9251694,DNA,Alignment Conversion,openSUSE,AMD Ryzen 9 3900X 12-Core Processor,0:00.35,27292,1909%
SEGUL,0.18.1,Jarvis et al. 2014,49,3679,9251694,DNA,Alignment Conversion,openSUSE,AMD Ryzen 9 3900X 12-Core Processor,0:00.37,26948,1961%
SEGUL,0.18.1,Jarvis et al. 2014,49,3679,9251694,DNA,Alignment Conversion,openSUSE,AMD Ryzen 9 3900X 12-Core Processor,0:00.40,26252,1696%
SEGUL,0.18.1,Jarvis et al. 2014,49,3679,9251694,DNA,Alignment Conversion,openSUSE,AMD Ryzen 9 3900X 12-Core Processor,0:00.88,26280,787%
SEGUL,0.18.1,Jarvis et al. 2014,49,3679,9251694,DNA,Alignment Conversion,openSUSE,AMD Ryzen 9 3900X 12-Core Processor,0:00.58,26380,1168%
SEGUL,0.18.1,Jarvis et al. 2014,49,3679,9251694,DNA,Alignment Conversion,openSUSE,AMD Ryzen 9 3900X 12-Core Processor,0:00.56,26968,1284%
SEGUL,0.18.1,Chan et al. 2020,50,13181,6180393,DNA,Alignment Conversion,openSUSE,AMD Ryzen 9 3900X 12-Core Processor,0:00.47,27124,920%
SEGUL,0.18.1,Chan et al. 2020,50,13181,6180393,DNA,Alignment Conversion,openSUSE,AMD Ryzen 9 3900X 12-Core Processor,0:00.32,24476,1358%
SEGUL,0.18.1,Chan et al. 2020,50,13181,6180393,DNA,Alignment Conversion,openSUSE,AMD Ryzen 9 3900X 12-Core Processor,0:00.31,24864,1372%
SEGUL,0.18.1,Chan et al. 2020,50,13181,6180393,DNA,Alignment Conversion,openSUSE,AMD Ryzen 9 3900X 12-Core Processor,0:00.32,27296,1370%
SEGUL,0.18.1,Chan et al. 2020,50,13181,6180393,DNA,Alignment Conversion,openSUSE,AMD Ryzen 9 3900X 12-Core Processor,0:00.29,25120,1396%
SEGUL,0.18.1,Chan et al. 2020,50,13181,6180393,DNA,Alignment Conversion,openSUSE,AMD Ryzen 9 3900X 12-Core Processor,0:00.32,26952,1366%
SEGUL,0.18.1,Chan et al. 2020,50,13181,6180393,DNA,Alignment Conversion,openSUSE,AMD Ryzen 9 3900X 12-Core Processor,0:00.32,27468,1331%
SEGUL,0.18.1,Chan et al. 2020,50,13181,6180393,DNA,Alignment Conversion,openSUSE,AMD Ryzen 9 3900X 12-Core Processor,0:00.38,26828,1174%
SEGUL,0.18.1,Chan et al. 2020,50,13181,6180393,DNA,Alignment Conversion,openSUSE,AMD Ryzen 9 3900X 12-Core Processor,0:00.30,27424,1368%
SEGUL,0.18.1,Chan et al. 2020,50,13181,6180393,DNA,Alignment Conversion,openSUSE,AMD Ryzen 9 3900X 12-Core Processor,0:00.32,26936,1370%
SEGUL (--datatype ignore),0.18.1,Esselstyn et al. 2021,102,4040,5398947,DNA,Alignment Conversion,openSUSE,AMD Ryzen 9 3900X 12-Core Processor,0:00.12,29612,1603%
SEGUL (--datatype ignore),0.18.1,Esselstyn et al. 2021,102,4040,5398947,DNA,Alignment Conversion,openSUSE,AMD Ryzen 9 3900X 12-Core Processor,0:00.48,29284,445%
SEGUL (--datatype ignore),0.18.1,Esselstyn et al. 2021,102,4040,5398947,DNA,Alignment Conversion,openSUSE,AMD Ryzen 9 3900X 12-Core Processor,0:00.49,27416,436%
SEGUL (--datatype ignore),0.18.1,Esselstyn et al. 2021,102,4040,5398947,DNA,Alignment Conversion,openSUSE,AMD Ryzen 9 3900X 12-Core Processor,0:00.41,27676,503%
SEGUL (--datatype ignore),0.18.1,Esselstyn et al. 2021,102,4040,5398947,DNA,Alignment Conversion,openSUSE,AMD Ryzen 9 3900X 12-Core Processor,0:00.15,29304,1340%
SEGUL (--datatype ignore),0.18.1,Esselstyn et al. 2021,102,4040,5398947,DNA,Alignment Conversion,openSUSE,AMD Ryzen 9 3900X 12-Core Processor,0:00.40,29780,504%
SEGUL (--datatype ignore),0.18.1,Esselstyn et al. 2021,102,4040,5398947,DNA,Alignment Conversion,openSUSE,AMD Ryzen 9 3900X 12-Core Processor,0:00.47,28388,436%
SEGUL (--datatype ignore),0.18.1,Esselstyn et al. 2021,102,4040,5398947,DNA,Alignment Conversion,openSUSE,AMD Ryzen 9 3900X 12-Core Processor,0:00.14,27460,1441%
SEGUL (--datatype ignore),0.18.1,Esselstyn et al. 2021,102,4040,5398947,DNA,Alignment Conversion,openSUSE,AMD Ryzen 9 3900X 12-Core Processor,0:00.39,29332,521%
SEGUL (--datatype ignore),0.18.1,Esselstyn et al. 2021,102,4040,5398947,DNA,Alignment Conversion,openSUSE,AMD Ryzen 9 3900X 12-Core Processor,0:00.37,29592,562%
SEGUL (--datatype ignore),0.18.1,Oliveros et al. 2019,221,4060,2464926,DNA,Alignment Conversion,openSUSE,AMD Ryzen 9 3900X 12-Core Processor,0:00.33,35212,946%
SEGUL (--datatype ignore),0.18.1,Oliveros et al. 2019,221,4060,2464926,DNA,Alignment Conversion,openSUSE,AMD Ryzen 9 3900X 12-Core Processor,0:00.37,34512,873%
SEGUL (--datatype ignore),0.18.1,Oliveros et al. 2019,221,4060,2464926,DNA,Alignment Conversion,openSUSE,AMD Ryzen 9 3900X 12-Core Processor,0:00.28,33376,1116%
SEGUL (--datatype ignore),0.18.1,Oliveros et al. 2019,221,4060,2464926,DNA,Alignment Conversion,openSUSE,AMD Ryzen 9 3900X 12-Core Processor,0:00.38,32860,791%
SEGUL (--datatype ignore),0.18.1,Oliveros et al. 2019,221,4060,2464926,DNA,Alignment Conversion,openSUSE,AMD Ryzen 9 3900X 12-Core Processor,0:00.24,37088,1298%
SEGUL (--datatype ignore),0.18.1,Oliveros et al. 2019,221,4060,2464926,DNA,Alignment Conversion,openSUSE,AMD Ryzen 9 3900X 12-Core Processor,0:00.19,35916,1606%
SEGUL (--datatype ignore),0.18.1,Oliveros et al. 2019,221,4060,2464926,DNA,Alignment Conversion,openSUSE,AMD Ryzen 9 3900X 12-Core Processor,0:00.22,35476,1384%
SEGUL (--datatype ignore),0.18.1,Oliveros et al. 2019,221,4060,2464926,DNA,Alignment Conversion,openSUSE,AMD Ryzen 9 3900X 12-Core Processor,0:00.27,35428,1095%
SEGUL (--datatype ignore),0.18.1,Oliveros et al. 2019,221,4060,2464926,DNA,Alignment Conversion,openSUSE,AMD Ryzen 9 3900X 12-Core Processor,0:00.27,34744,1178%
SEGUL (--datatype ignore),0.18.1,Oliveros et al. 2019,221,4060,2464926,DNA,Alignment Conversion,openSUSE,AMD Ryzen 9 3900X 12-Core Processor,0:00.27,33048,1136%
SEGUL (--datatype ignore),0.18.1,Jarvis et al. 2014,49,3679,9251694,DNA,Alignment Conversion,openSUSE,AMD Ryzen 9 3900X 12-Core Processor,0:00.22,25628,1150%
SEGUL (--datatype ignore),0.18.1,Jarvis et al. 2014,49,3679,9251694,DNA,Alignment Conversion,openSUSE,AMD Ryzen 9 3900X 12-Core Processor,0:00.19,24792,1250%
SEGUL (--datatype ignore),0.18.1,Jarvis et al. 2014,49,3679,9251694,DNA,Alignment Conversion,openSUSE,AMD Ryzen 9 3900X 12-Core Processor,0:00.18,26244,1299%
SEGUL (--datatype ignore),0.18.1,Jarvis et al. 2014,49,3679,9251694,DNA,Alignment Conversion,openSUSE,AMD Ryzen 9 3900X 12-Core Processor,0:00.20,27052,1229%
SEGUL (--datatype ignore),0.18.1,Jarvis et al. 2014,49,3679,9251694,DNA,Alignment Conversion,openSUSE,AMD Ryzen 9 3900X 12-Core Processor,0:00.34,26620,711%
SEGUL (--datatype ignore),0.18.1,Jarvis et al. 2014,49,3679,9251694,DNA,Alignment Conversion,openSUSE,AMD Ryzen 9 3900X 12-Core Processor,0:00.18,27248,1282%
SEGUL (--datatype ignore),0.18.1,Jarvis et al. 2014,49,3679,9251694,DNA,Alignment Conversion,openSUSE,AMD Ryzen 9 3900X 12-Core Processor,0:00.14,27080,1638%
SEGUL (--datatype ignore),0.18.1,Jarvis et al. 2014,49,3679,9251694,DNA,Alignment Conversion,openSUSE,AMD Ryzen 9 3900X 12-Core Processor,0:00.14,24816,1729%
SEGUL (--datatype ignore),0.18.1,Jarvis et al. 2014,49,3679,9251694,DNA,Alignment Conversion,openSUSE,AMD Ryzen 9 3900X 12-Core Processor,0:00.17,26528,1421%
SEGUL (--datatype ignore),0.18.1,Jarvis et al. 2014,49,3679,9251694,DNA,Alignment Conversion,openSUSE,AMD Ryzen 9 3900X 12-Core Processor,0:00.14,25224,1719%
SEGUL (--datatype ignore),0.18.1,Chan et al. 2020,50,13181,6180393,DNA,Alignment Conversion,openSUSE,AMD Ryzen 9 3900X 12-Core Processor,0:00.52,26904,381%
SEGUL (--datatype ignore),0.18.1,Chan et al. 2020,50,13181,6180393,DNA,Alignment Conversion,openSUSE,AMD Ryzen 9 3900X 12-Core Processor,0:00.30,27508,891%
SEGUL (--datatype ignore),0.18.1,Chan et al. 2020,50,13181,6180393,DNA,Alignment Conversion,openSUSE,AMD Ryzen 9 3900X 12-Core Processor,0:00.27,27128,754%
SEGUL (--datatype ignore),0.18.1,Chan et al. 2020,50,13181,6180393,DNA,Alignment Conversion,openSUSE,AMD Ryzen 9 3900X 12-Core Processor,0:00.29,25208,837%
SEGUL (--datatype ignore),0.18.1,Chan et al. 2020,50,13181,6180393,DNA,Alignment Conversion,openSUSE,AMD Ryzen 9 3900X 12-Core Processor,0:00.27,26800,813%
SEGUL (--datatype ignore),0.18.1,Chan et al. 2020,50,13181,6180393,DNA,Alignment Conversion,openSUSE,AMD Ryzen 9 3900X 12-Core Processor,0:00.29,24872,820%
SEGUL (--datatype ignore),0.18.1,Chan et al. 2020,50,13181,6180393,DNA,Alignment Conversion,openSUSE,AMD Ryzen 9 3900X 12-Core Processor,0:00.29,25208,800%
SEGUL (--datatype ignore),0.18.1,Chan et al. 2020,50,13181,6180393,DNA,Alignment Conversion,openSUSE,AMD Ryzen 9 3900X 12-Core Processor,0:00.30,27424,937%
SEGUL (--datatype ignore),0.18.1,Chan et al. 2020,50,13181,6180393,DNA,Alignment Conversion,openSUSE,AMD Ryzen 9 3900X 12-Core Processor,0:00.27,27580,817%
SEGUL (--datatype ignore),0.18.1,Chan et al. 2020,50,13181,6180393,DNA,Alignment Conversion,openSUSE,AMD Ryzen 9 3900X 12-Core Processor,0:00.28,27020,827%
AMAS,v1.02,Esselstyn et al. 2021,102,4040,5398947,DNA,Alignment Conversion,openSUSE,AMD Ryzen 9 3900X 12-Core Processor,0:01.17,429192,1072%
AMAS,v1.02,Esselstyn et al. 2021,102,4040,5398947,DNA,Alignment Conversion,openSUSE,AMD Ryzen 9 3900X 12-Core Processor,0:01.18,429316,1099%
AMAS,v1.02,Esselstyn et al. 2021,102,4040,5398947,DNA,Alignment Conversion,openSUSE,AMD Ryzen 9 3900X 12-Core Processor,0:01.08,429744,1213%
AMAS,v1.02,Esselstyn et al. 2021,102,4040,5398947,DNA,Alignment Conversion,openSUSE,AMD Ryzen 9 3900X 12-Core Processor,0:01.19,429124,1082%
AMAS,v1.02,Esselstyn et al. 2021,102,4040,5398947,DNA,Alignment Conversion,openSUSE,AMD Ryzen 9 3900X 12-Core Processor,0:01.19,435452,1088%
AMAS,v1.02,Esselstyn et al. 2021,102,4040,5398947,DNA,Alignment Conversion,openSUSE,AMD Ryzen 9 3900X 12-Core Processor,0:01.18,433596,1099%
AMAS,v1.02,Esselstyn et al. 2021,102,4040,5398947,DNA,Alignment Conversion,openSUSE,AMD Ryzen 9 3900X 12-Core Processor,0:01.17,433184,1103%
AMAS,v1.02,Esselstyn et al. 2021,102,4040,5398947,DNA,Alignment Conversion,openSUSE,AMD Ryzen 9 3900X 12-Core Processor,0:01.19,434744,1087%
AMAS,v1.02,Esselstyn et al. 2021,102,4040,5398947,DNA,Alignment Conversion,openSUSE,AMD Ryzen 9 3900X 12-Core Processor,0:01.17,429124,1089%
AMAS,v1.02,Esselstyn et al. 2021,102,4040,5398947,DNA,Alignment Conversion,openSUSE,AMD Ryzen 9 3900X 12-Core Processor,0:01.17,429464,1096%
AMAS,v1.02,Oliveros et al. 2019,221,4060,2464926,DNA,Alignment Conversion,openSUSE,AMD Ryzen 9 3900X 12-Core Processor,0:01.99,715784,1100%
AMAS,v1.02,Oliveros et al. 2019,221,4060,2464926,DNA,Alignment Conversion,openSUSE,AMD Ryzen 9 3900X 12-Core Processor,0:02.12,714400,1029%
AMAS,v1.02,Oliveros et al. 2019,221,4060,2464926,DNA,Alignment Conversion,openSUSE,AMD Ryzen 9 3900X 12-Core Processor,0:02.12,713544,1037%
AMAS,v1.02,Oliveros et al. 2019,221,4060,2464926,DNA,Alignment Conversion,openSUSE,AMD Ryzen 9 3900X 12-Core Processor,0:02.09,714136,1036%
AMAS,v1.02,Oliveros et al. 2019,221,4060,2464926,DNA,Alignment Conversion,openSUSE,AMD Ryzen 9 3900X 12-Core Processor,0:02.09,713040,1045%
AMAS,v1.02,Oliveros et al. 2019,221,4060,2464926,DNA,Alignment Conversion,openSUSE,AMD Ryzen 9 3900X 12-Core Processor,0:02.11,712404,1047%
AMAS,v1.02,Oliveros et al. 2019,221,4060,2464926,DNA,Alignment Conversion,openSUSE,AMD Ryzen 9 3900X 12-Core Processor,0:02.11,711040,1044%
AMAS,v1.02,Oliveros et al. 2019,221,4060,2464926,DNA,Alignment Conversion,openSUSE,AMD Ryzen 9 3900X 12-Core Processor,0:01.99,712928,1107%
AMAS,v1.02,Oliveros et al. 2019,221,4060,2464926,DNA,Alignment Conversion,openSUSE,AMD Ryzen 9 3900X 12-Core Processor,0:02.09,712676,1040%
AMAS,v1.02,Oliveros et al. 2019,221,4060,2464926,DNA,Alignment Conversion,openSUSE,AMD Ryzen 9 3900X 12-Core Processor,0:02.11,711636,1047%
AMAS,v1.02,Jarvis et al. 2014,49,3679,9251694,DNA,Alignment Conversion,openSUSE,AMD Ryzen 9 3900X 12-Core Processor,0:01.38,505940,1251%
AMAS,v1.02,Jarvis et al. 2014,49,3679,9251694,DNA,Alignment Conversion,openSUSE,AMD Ryzen 9 3900X 12-Core Processor,0:01.37,513064,1265%
AMAS,v1.02,Jarvis et al. 2014,49,3679,9251694,DNA,Alignment Conversion,openSUSE,AMD Ryzen 9 3900X 12-Core Processor,0:01.28,509760,1366%
AMAS,v1.02,Jarvis et al. 2014,49,3679,9251694,DNA,Alignment Conversion,openSUSE,AMD Ryzen 9 3900X 12-Core Processor,0:01.27,510512,1348%
AMAS,v1.02,Jarvis et al. 2014,49,3679,9251694,DNA,Alignment Conversion,openSUSE,AMD Ryzen 9 3900X 12-Core Processor,0:01.38,510820,1243%
AMAS,v1.02,Jarvis et al. 2014,49,3679,9251694,DNA,Alignment Conversion,openSUSE,AMD Ryzen 9 3900X 12-Core Processor,0:01.27,515556,1353%
AMAS,v1.02,Jarvis et al. 2014,49,3679,9251694,DNA,Alignment Conversion,openSUSE,AMD Ryzen 9 3900X 12-Core Processor,0:01.38,512200,1244%
AMAS,v1.02,Jarvis et al. 2014,49,3679,9251694,DNA,Alignment Conversion,openSUSE,AMD Ryzen 9 3900X 12-Core Processor,0:01.38,512788,1229%
AMAS,v1.02,Jarvis et al. 2014,49,3679,9251694,DNA,Alignment Conversion,openSUSE,AMD Ryzen 9 3900X 12-Core Processor,0:01.37,513912,1244%
AMAS,v1.02,Jarvis et al. 2014,49,3679,9251694,DNA,Alignment Conversion,openSUSE,AMD Ryzen 9 3900X 12-Core Processor,0:01.38,510304,1239%
AMAS,v1.02,Chan et al. 2020,50,13181,6180393,DNA,Alignment Conversion,openSUSE,AMD Ryzen 9 3900X 12-Core Processor,0:01.61,376776,745%
AMAS,v1.02,Chan et al. 2020,50,13181,6180393,DNA,Alignment Conversion,openSUSE,AMD Ryzen 9 3900X 12-Core Processor,0:01.64,377216,740%
AMAS,v1.02,Chan et al. 2020,50,13181,6180393,DNA,Alignment Conversion,openSUSE,AMD Ryzen 9 3900X 12-Core Processor,0:01.65,379496,722%
AMAS,v1.02,Chan et al. 2020,50,13181,6180393,DNA,Alignment Conversion,openSUSE,AMD Ryzen 9 3900X 12-Core Processor,0:01.64,379128,744%
AMAS,v1.02,Chan et al. 2020,50,13181,6180393,DNA,Alignment Conversion,openSUSE,AMD Ryzen 9 3900X 12-Core Processor,0:01.63,376972,739%
AMAS,v1.02,Chan et al. 2020,50,13181,6180393,DNA,Alignment Conversion,openSUSE,AMD Ryzen 9 3900X 12-Core Processor,0:01.62,378116,744%
AMAS,v1.02,Chan et al. 2020,50,13181,6180393,DNA,Alignment Conversion,openSUSE,AMD Ryzen 9 3900X 12-Core Processor,0:01.62,377336,756%
AMAS,v1.02,Chan et al. 2020,50,13181,6180393,DNA,Alignment Conversion,openSUSE,AMD Ryzen 9 3900X 12-Core Processor,0:01.61,374320,763%
AMAS,v1.02,Chan et al. 2020,50,13181,6180393,DNA,Alignment Conversion,openSUSE,AMD Ryzen 9 3900X 12-Core Processor,0:01.51,377648,813%
AMAS,v1.02,Chan et al. 2020,50,13181,6180393,DNA,Alignment Conversion,openSUSE,AMD Ryzen 9 3900X 12-Core Processor,0:01.61,378384,761%
AMAS,v1.02,Esselstyn et al. 2021,102,4040,5398947,DNA,Alignment Conversion,openSUSE,AMD Ryzen 9 3900X 12-Core Processor,0:10.42,429432,214%
AMAS,v1.02,Esselstyn et al. 2021,102,4040,5398947,DNA,Alignment Conversion,openSUSE,AMD Ryzen 9 3900X 12-Core Processor,0:10.27,432688,215%
AMAS,v1.02,Esselstyn et al. 2021,102,4040,5398947,DNA,Alignment Conversion,openSUSE,AMD Ryzen 9 3900X 12-Core Processor,0:10.59,427548,207%
AMAS,v1.02,Esselstyn et al. 2021,102,4040,5398947,DNA,Alignment Conversion,openSUSE,AMD Ryzen 9 3900X 12-Core Processor,0:10.35,429520,214%
AMAS,v1.02,Esselstyn et al. 2021,102,4040,5398947,DNA,Alignment Conversion,openSUSE,AMD Ryzen 9 3900X 12-Core Processor,0:10.48,432896,212%
AMAS,v1.02,Esselstyn et al. 2021,102,4040,5398947,DNA,Alignment Conversion,openSUSE,AMD Ryzen 9 3900X 12-Core Processor,0:10.52,433524,211%
AMAS,v1.02,Esselstyn et al. 2021,102,4040,5398947,DNA,Alignment Conversion,openSUSE,AMD Ryzen 9 3900X 12-Core Processor,0:10.43,433000,212%
AMAS,v1.02,Esselstyn et al. 2021,102,4040,5398947,DNA,Alignment Conversion,openSUSE,AMD Ryzen 9 3900X 12-Core Processor,0:10.50,433652,212%
AMAS,v1.02,Esselstyn et al. 2021,102,4040,5398947,DNA,Alignment Conversion,openSUSE,AMD Ryzen 9 3900X 12-Core Processor,0:10.15,430612,216%
AMAS,v1.02,Esselstyn et al. 2021,102,4040,5398947,DNA,Alignment Conversion,openSUSE,AMD Ryzen 9 3900X 12-Core Processor,0:10.39,431944,212%
AMAS,v1.02,Oliveros et al. 2019,221,4060,2464926,DNA,Alignment Conversion,openSUSE,AMD Ryzen 9 3900X 12-Core Processor,3:15.62,708092,110%
AMAS,v1.02,Oliveros et al. 2019,221,4060,2464926,DNA,Alignment Conversion,openSUSE,AMD Ryzen 9 3900X 12-Core Processor,3:11.07,710220,110%
AMAS,v1.02,Oliveros et al. 2019,221,4060,2464926,DNA,Alignment Conversion,openSUSE,AMD Ryzen 9 3900X 12-Core Processor,3:23.94,715748,109%
AMAS,v1.02,Oliveros et al. 2019,221,4060,2464926,DNA,Alignment Conversion,openSUSE,AMD Ryzen 9 3900X 12-Core Processor,3:13.12,713532,110%
AMAS,v1.02,Oliveros et al. 2019,221,4060,2464926,DNA,Alignment Conversion,openSUSE,AMD Ryzen 9 3900X 12-Core Processor,3:23.46,714500,109%
AMAS,v1.02,Oliveros et al. 2019,221,4060,2464926,DNA,Alignment Conversion,openSUSE,AMD Ryzen 9 3900X 12-Core Processor,3:18.93,713760,110%
AMAS,v1.02,Oliveros et al. 2019,221,4060,2464926,DNA,Alignment Conversion,openSUSE,AMD Ryzen 9 3900X 12-Core Processor,3:23.37,712740,109%
AMAS,v1.02,Oliveros et al. 2019,221,4060,2464926,DNA,Alignment Conversion,openSUSE,AMD Ryzen 9 3900X 12-Core Processor,3:09.58,713832,110%
AMAS,v1.02,Oliveros et al. 2019,221,4060,2464926,DNA,Alignment Conversion,openSUSE,AMD Ryzen 9 3900X 12-Core Processor,3:19.55,713144,109%
AMAS,v1.02,Oliveros et al. 2019,221,4060,2464926,DNA,Alignment Conversion,openSUSE,AMD Ryzen 9 3900X 12-Core Processor,3:11.01,712460,110%
AMAS,v1.02,Jarvis et al. 2014,49,3679,9251694,DNA,Alignment Conversion,openSUSE,AMD Ryzen 9 3900X 12-Core Processor,0:05.22,507816,402%
AMAS,v1.02,Jarvis et al. 2014,49,3679,9251694,DNA,Alignment Conversion,openSUSE,AMD Ryzen 9 3900X 12-Core Processor,0:07.01,511476,326%
AMAS,v1.02,Jarvis et al. 2014,49,3679,9251694,DNA,Alignment Conversion,openSUSE,AMD Ryzen 9 3900X 12-Core Processor,0:05.27,512788,398%
AMAS,v1.02,Jarvis et al. 2014,49,3679,9251694,DNA,Alignment Conversion,openSUSE,AMD Ryzen 9 3900X 12-Core Processor,0:05.35,511524,396%
AMAS,v1.02,Jarvis et al. 2014,49,3679,9251694,DNA,Alignment Conversion,openSUSE,AMD Ryzen 9 3900X 12-Core Processor,0:05.24,511700,399%
AMAS,v1.02,Jarvis et al. 2014,49,3679,9251694,DNA,Alignment Conversion,openSUSE,AMD Ryzen 9 3900X 12-Core Processor,0:05.15,513564,410%
AMAS,v1.02,Jarvis et al. 2014,49,3679,9251694,DNA,Alignment Conversion,openSUSE,AMD Ryzen 9 3900X 12-Core Processor,0:05.25,506592,403%
AMAS,v1.02,Jarvis et al. 2014,49,3679,9251694,DNA,Alignment Conversion,openSUSE,AMD Ryzen 9 3900X 12-Core Processor,0:05.08,513584,411%
AMAS,v1.02,Jarvis et al. 2014,49,3679,9251694,DNA,Alignment Conversion,openSUSE,AMD Ryzen 9 3900X 12-Core Processor,0:05.23,515684,404%
AMAS,v1.02,Jarvis et al. 2014,49,3679,9251694,DNA,Alignment Conversion,openSUSE,AMD Ryzen 9 3900X 12-Core Processor,0:05.18,511064,401%
AMAS,v1.02,Chan et al. 2020,50,13181,6180393,DNA,Alignment Conversion,openSUSE,AMD Ryzen 9 3900X 12-Core Processor,0:10.23,376016,204%
AMAS,v1.02,Chan et al. 2020,50,13181,6180393,DNA,Alignment Conversion,openSUSE,AMD Ryzen 9 3900X 12-Core Processor,0:10.20,376304,202%
AMAS,v1.02,Chan et al. 2020,50,13181,6180393,DNA,Alignment Conversion,openSUSE,AMD Ryzen 9 3900X 12-Core Processor,0:09.87,376864,208%
AMAS,v1.02,Chan et al. 2020,50,13181,6180393,DNA,Alignment Conversion,openSUSE,AMD Ryzen 9 3900X 12-Core Processor,0:10.16,377400,205%
AMAS,v1.02,Chan et al. 2020,50,13181,6180393,DNA,Alignment Conversion,openSUSE,AMD Ryzen 9 3900X 12-Core Processor,0:10.14,378176,204%
AMAS,v1.02,Chan et al. 2020,50,13181,6180393,DNA,Alignment Conversion,openSUSE,AMD Ryzen 9 3900X 12-Core Processor,0:13.90,379748,175%
AMAS,v1.02,Chan et al. 2020,50,13181,6180393,DNA,Alignment Conversion,openSUSE,AMD Ryzen 9 3900X 12-Core Processor,0:09.84,376172,207%
AMAS,v1.02,Chan et al. 2020,50,13181,6180393,DNA,Alignment Conversion,openSUSE,AMD Ryzen 9 3900X 12-Core Processor,0:09.73,375156,209%
AMAS,v1.02,Chan et al. 2020,50,13181,6180393,DNA,Alignment Conversion,openSUSE,AMD Ryzen 9 3900X 12-Core Processor,0:10.02,377604,205%
AMAS,v1.02,Chan et al. 2020,50,13181,6180393,DNA,Alignment Conversion,openSUSE,AMD Ryzen 9 3900X 12-Core Processor,0:10.22,377532,204%
SEGUL,0.18.1,Wu et al. 2018,90,5162,3050198,DNA,Summary Statistics,openSUSE,AMD Ryzen 9 3900X 12-Core Processor,0:00.92,380520,1627%
SEGUL,0.18.1,Wu et al. 2018,90,5162,3050198,DNA,Summary Statistics,openSUSE,AMD Ryzen 9 3900X 12-Core Processor,0:00.90,378748,1682%
SEGUL,0.18.1,Wu et al. 2018,90,5162,3050198,DNA,Summary Statistics,openSUSE,AMD Ryzen 9 3900X 12-Core Processor,0:00.91,379816,1667%
SEGUL,0.18.1,Wu et al. 2018,90,5162,3050198,DNA,Summary Statistics,openSUSE,AMD Ryzen 9 3900X 12-Core Processor,0:00.91,381776,1670%
SEGUL,0.18.1,Wu et al. 2018,90,5162,3050198,DNA,Summary Statistics,openSUSE,AMD Ryzen 9 3900X 12-Core Processor,0:00.90,377336,1672%
SEGUL,0.18.1,Wu et al. 2018,90,5162,3050198,DNA,Summary Statistics,openSUSE,AMD Ryzen 9 3900X 12-Core Processor,0:00.90,378400,1685%
SEGUL,0.18.1,Wu et al. 2018,90,5162,3050198,DNA,Summary Statistics,openSUSE,AMD Ryzen 9 3900X 12-Core Processor,0:00.91,380480,1659%
SEGUL,0.18.1,Wu et al. 2018,90,5162,3050198,DNA,Summary Statistics,openSUSE,AMD Ryzen 9 3900X 12-Core Processor,0:00.90,381164,1677%
SEGUL,0.18.1,Wu et al. 2018,90,5162,3050198,DNA,Summary Statistics,openSUSE,AMD Ryzen 9 3900X 12-Core Processor,0:00.91,377168,1672%
SEGUL,0.18.1,Wu et al. 2018,90,5162,3050198,DNA,Summary Statistics,openSUSE,AMD Ryzen 9 3900X 12-Core Processor,0:00.90,376756,1679%
SEGUL,0.18.1,Shen et al. 2018,343,2408,1162805,DNA,Summary Statistics,openSUSE,AMD Ryzen 9 3900X 12-Core Processor,0:01.50,652780,1615%
SEGUL,0.18.1,Shen et al. 2018,343,2408,1162805,DNA,Summary Statistics,openSUSE,AMD Ryzen 9 3900X 12-Core Processor,0:01.50,657700,1615%
SEGUL,0.18.1,Shen et al. 2018,343,2408,1162805,DNA,Summary Statistics,openSUSE,AMD Ryzen 9 3900X 12-Core Processor,0:01.50,657848,1609%
SEGUL,0.18.1,Shen et al. 2018,343,2408,1162805,DNA,Summary Statistics,openSUSE,AMD Ryzen 9 3900X 12-Core Processor,0:01.51,653340,1611%
SEGUL,0.18.1,Shen et al. 2018,343,2408,1162805,DNA,Summary Statistics,openSUSE,AMD Ryzen 9 3900X 12-Core Processor,0:01.51,660460,1604%
SEGUL,0.18.1,Shen et al. 2018,343,2408,1162805,DNA,Summary Statistics,openSUSE,AMD Ryzen 9 3900X 12-Core Processor,0:01.50,664260,1612%
SEGUL,0.18.1,Shen et al. 2018,343,2408,1162805,DNA,Summary Statistics,openSUSE,AMD Ryzen 9 3900X 12-Core Processor,0:01.50,655040,1611%
SEGUL,0.18.1,Shen et al. 2018,343,2408,1162805,DNA,Summary Statistics,openSUSE,AMD Ryzen 9 3900X 12-Core Processor,0:01.51,659568,1605%
SEGUL,0.18.1,Shen et al. 2018,343,2408,1162805,DNA,Summary Statistics,openSUSE,AMD Ryzen 9 3900X 12-Core Processor,0:01.50,654472,1608%
SEGUL,0.18.1,Shen et al. 2018,343,2408,1162805,DNA,Summary Statistics,openSUSE,AMD Ryzen 9 3900X 12-Core Processor,0:01.51,663664,1607%
AMAS,v1.02,Wu et al. 2018,90,5162,3050198,DNA,Summary Statistics,openSUSE,AMD Ryzen 9 3900X 12-Core Processor,0:37.89,1002300,391%
AMAS,v1.02,Wu et al. 2018,90,5162,3050198,DNA,Summary Statistics,openSUSE,AMD Ryzen 9 3900X 12-Core Processor,0:37.19,1001784,396%
AMAS,v1.02,Wu et al. 2018,90,5162,3050198,DNA,Summary Statistics,openSUSE,AMD Ryzen 9 3900X 12-Core Processor,0:37.72,1001568,392%
AMAS,v1.02,Wu et al. 2018,90,5162,3050198,DNA,Summary Statistics,openSUSE,AMD Ryzen 9 3900X 12-Core Processor,0:40.14,1003244,373%
AMAS,v1.02,Wu et al. 2018,90,5162,3050198,DNA,Summary Statistics,openSUSE,AMD Ryzen 9 3900X 12-Core Processor,0:37.32,1001752,394%
AMAS,v1.02,Wu et al. 2018,90,5162,3050198,DNA,Summary Statistics,openSUSE,AMD Ryzen 9 3900X 12-Core Processor,0:39.53,1001892,377%
AMAS,v1.02,Wu et al. 2018,90,5162,3050198,DNA,Summary Statistics,openSUSE,AMD Ryzen 9 3900X 12-Core Processor,0:37.51,1001672,392%
AMAS,v1.02,Wu et al. 2018,90,5162,3050198,DNA,Summary Statistics,openSUSE,AMD Ryzen 9 3900X 12-Core Processor,0:40.18,1002416,374%
AMAS,v1.02,Wu et al. 2018,90,5162,3050198,DNA,Summary Statistics,openSUSE,AMD Ryzen 9 3900X 12-Core Processor,0:40.21,1003752,372%
AMAS,v1.02,Wu et al. 2018,90,5162,3050198,DNA,Summary Statistics,openSUSE,AMD Ryzen 9 3900X 12-Core Processor,0:39.59,1002320,375%
AMAS,v1.02,Shen et al. 2018,343,2408,1162805,DNA,Summary Statistics,openSUSE,AMD Ryzen 9 3900X 12-Core Processor,1:04.95,1726520,373%
AMAS,v1.02,Shen et al. 2018,343,2408,1162805,DNA,Summary Statistics,openSUSE,AMD Ryzen 9 3900X 12-Core Processor,1:03.58,1724736,375%
AMAS,v1.02,Shen et al. 2018,343,2408,1162805,DNA,Summary Statistics,openSUSE,AMD Ryzen 9 3900X 12-Core Processor,1:03.83,1723804,371%
AMAS,v1.02,Shen et al. 2018,343,2408,1162805,DNA,Summary Statistics,openSUSE,AMD Ryzen 9 3900X 12-Core Processor,1:03.30,1725632,373%
AMAS,v1.02,Shen et al. 2018,343,2408,1162805,DNA,Summary Statistics,openSUSE,AMD Ryzen 9 3900X 12-Core Processor,1:03.97,1724456,371%
AMAS,v1.02,Shen et al. 2018,343,2408,1162805,DNA,Summary Statistics,openSUSE,AMD Ryzen 9 3900X 12-Core Processor,1:04.19,1725392,370%
AMAS,v1.02,Shen et al. 2018,343,2408,1162805,DNA,Summary Statistics,openSUSE,AMD Ryzen 9 3900X 12-Core Processor,1:03.46,1724676,373%
AMAS,v1.02,Shen et al. 2018,343,2408,1162805,DNA,Summary Statistics,openSUSE,AMD Ryzen 9 3900X 12-Core Processor,1:03.96,1725228,373%
AMAS,v1.02,Shen et al. 2018,343,2408,1162805,DNA,Summary Statistics,openSUSE,AMD Ryzen 9 3900X 12-Core Processor,1:04.08,1724568,372%
AMAS,v1.02,Shen et al. 2018,343,2408,1162805,DNA,Summary Statistics,openSUSE,AMD Ryzen 9 3900X 12-Core Processor,1:03.27,1724000,373%
SEGUL,0.18.1,Esselstyn et al. 2021,102,4040,5398947,DNA,Summary Statistics,openSUSE,AMD Ryzen 9 3900X 12-Core Processor,0:00.78,144276,1976%
SEGUL,0.18.1,Esselstyn et al. 2021,102,4040,5398947,DNA,Summary Statistics,openSUSE,AMD Ryzen 9 3900X 12-Core Processor,0:00.78,145792,1988%
SEGUL,0.18.1,Esselstyn et al. 2021,102,4040,5398947,DNA,Summary Statistics,openSUSE,AMD Ryzen 9 3900X 12-Core Processor,0:00.79,141728,1978%
SEGUL,0.18.1,Esselstyn et al. 2021,102,4040,5398947,DNA,Summary Statistics,openSUSE,AMD Ryzen 9 3900X 12-Core Processor,0:00.79,144112,1989%
SEGUL,0.18.1,Esselstyn et al. 2021,102,4040,5398947,DNA,Summary Statistics,openSUSE,AMD Ryzen 9 3900X 12-Core Processor,0:00.78,144396,1999%
SEGUL,0.18.1,Esselstyn et al. 2021,102,4040,5398947,DNA,Summary Statistics,openSUSE,AMD Ryzen 9 3900X 12-Core Processor,0:00.78,143928,2001%
SEGUL,0.18.1,Esselstyn et al. 2021,102,4040,5398947,DNA,Summary Statistics,openSUSE,AMD Ryzen 9 3900X 12-Core Processor,0:00.79,141548,1991%
SEGUL,0.18.1,Esselstyn et al. 2021,102,4040,5398947,DNA,Summary Statistics,openSUSE,AMD Ryzen 9 3900X 12-Core Processor,0:00.79,143992,1988%
SEGUL,0.18.1,Esselstyn et al. 2021,102,4040,5398947,DNA,Summary Statistics,openSUSE,AMD Ryzen 9 3900X 12-Core Processor,0:00.78,144824,2013%
SEGUL,0.18.1,Esselstyn et al. 2021,102,4040,5398947,DNA,Summary Statistics,openSUSE,AMD Ryzen 9 3900X 12-Core Processor,0:00.78,143356,1996%
SEGUL,0.18.1,Oliveros et al. 2019,221,4060,2464926,DNA,Summary Statistics,openSUSE,AMD Ryzen 9 3900X 12-Core Processor,0:01.32,335224,1812%
SEGUL,0.18.1,Oliveros et al. 2019,221,4060,2464926,DNA,Summary Statistics,openSUSE,AMD Ryzen 9 3900X 12-Core Processor,0:01.30,335820,1842%
SEGUL,0.18.1,Oliveros et al. 2019,221,4060,2464926,DNA,Summary Statistics,openSUSE,AMD Ryzen 9 3900X 12-Core Processor,0:01.30,339320,1839%
SEGUL,0.18.1,Oliveros et al. 2019,221,4060,2464926,DNA,Summary Statistics,openSUSE,AMD Ryzen 9 3900X 12-Core Processor,0:01.30,336764,1847%
SEGUL,0.18.1,Oliveros et al. 2019,221,4060,2464926,DNA,Summary Statistics,openSUSE,AMD Ryzen 9 3900X 12-Core Processor,0:01.29,337588,1844%
SEGUL,0.18.1,Oliveros et al. 2019,221,4060,2464926,DNA,Summary Statistics,openSUSE,AMD Ryzen 9 3900X 12-Core Processor,0:01.30,334104,1855%
SEGUL,0.18.1,Oliveros et al. 2019,221,4060,2464926,DNA,Summary Statistics,openSUSE,AMD Ryzen 9 3900X 12-Core Processor,0:01.29,335976,1853%
SEGUL,0.18.1,Oliveros et al. 2019,221,4060,2464926,DNA,Summary Statistics,openSUSE,AMD Ryzen 9 3900X 12-Core Processor,0:01.30,337068,1844%
SEGUL,0.18.1,Oliveros et al. 2019,221,4060,2464926,DNA,Summary Statistics,openSUSE,AMD Ryzen 9 3900X 12-Core Processor,0:01.31,337116,1838%
SEGUL,0.18.1,Oliveros et al. 2019,221,4060,2464926,DNA,Summary Statistics,openSUSE,AMD Ryzen 9 3900X 12-Core Processor,0:01.31,333840,1811%
SEGUL,0.18.1,Jarvis et al. 2014,49,3679,9251694,DNA,Summary Statistics,openSUSE,AMD Ryzen 9 3900X 12-Core Processor,0:01.06,102280,2191%
SEGUL,0.18.1,Jarvis et al. 2014,49,3679,9251694,DNA,Summary Statistics,openSUSE,AMD Ryzen 9 3900X 12-Core Processor,0:01.06,102728,2197%
SEGUL,0.18.1,Jarvis et al. 2014,49,3679,9251694,DNA,Summary Statistics,openSUSE,AMD Ryzen 9 3900X 12-Core Processor,0:01.07,102212,2162%
SEGUL,0.18.1,Jarvis et al. 2014,49,3679,9251694,DNA,Summary Statistics,openSUSE,AMD Ryzen 9 3900X 12-Core Processor,0:01.06,99992,2191%
SEGUL,0.18.1,Jarvis et al. 2014,49,3679,9251694,DNA,Summary Statistics,openSUSE,AMD Ryzen 9 3900X 12-Core Processor,0:01.06,101392,2194%
SEGUL,0.18.1,Jarvis et al. 2014,49,3679,9251694,DNA,Summary Statistics,openSUSE,AMD Ryzen 9 3900X 12-Core Processor,0:01.06,102668,2191%
SEGUL,0.18.1,Jarvis et al. 2014,49,3679,9251694,DNA,Summary Statistics,openSUSE,AMD Ryzen 9 3900X 12-Core Processor,0:01.07,102664,2193%
SEGUL,0.18.1,Jarvis et al. 2014,49,3679,9251694,DNA,Summary Statistics,openSUSE,AMD Ryzen 9 3900X 12-Core Processor,0:01.07,102148,2194%
SEGUL,0.18.1,Jarvis et al. 2014,49,3679,9251694,DNA,Summary Statistics,openSUSE,AMD Ryzen 9 3900X 12-Core Processor,0:01.07,102908,2172%
SEGUL,0.18.1,Jarvis et al. 2014,49,3679,9251694,DNA,Summary Statistics,openSUSE,AMD Ryzen 9 3900X 12-Core Processor,0:01.06,100680,2192%
SEGUL,0.18.1,Chan et al. 2020,50,13181,6180393,DNA,Summary Statistics,openSUSE,AMD Ryzen 9 3900X 12-Core Processor,0:00.85,242168,1673%
SEGUL,0.18.1,Chan et al. 2020,50,13181,6180393,DNA,Summary Statistics,openSUSE,AMD Ryzen 9 3900X 12-Core Processor,0:00.85,240304,1685%
SEGUL,0.18.1,Chan et al. 2020,50,13181,6180393,DNA,Summary Statistics,openSUSE,AMD Ryzen 9 3900X 12-Core Processor,0:00.86,240256,1673%
SEGUL,0.18.1,Chan et al. 2020,50,13181,6180393,DNA,Summary Statistics,openSUSE,AMD Ryzen 9 3900X 12-Core Processor,0:00.87,240784,1675%
SEGUL,0.18.1,Chan et al. 2020,50,13181,6180393,DNA,Summary Statistics,openSUSE,AMD Ryzen 9 3900X 12-Core Processor,0:00.85,238420,1670%
SEGUL,0.18.1,Chan et al. 2020,50,13181,6180393,DNA,Summary Statistics,openSUSE,AMD Ryzen 9 3900X 12-Core Processor,0:00.85,238020,1690%
SEGUL,0.18.1,Chan et al. 2020,50,13181,6180393,DNA,Summary Statistics,openSUSE,AMD Ryzen 9 3900X 12-Core Processor,0:00.86,239628,1670%
SEGUL,0.18.1,Chan et al. 2020,50,13181,6180393,DNA,Summary Statistics,openSUSE,AMD Ryzen 9 3900X 12-Core Processor,0:00.88,240992,1623%
SEGUL,0.18.1,Chan et al. 2020,50,13181,6180393,DNA,Summary Statistics,openSUSE,AMD Ryzen 9 3900X 12-Core Processor,0:00.85,239988,1669%
SEGUL,0.18.1,Chan et al. 2020,50,13181,6180393,DNA,Summary Statistics,openSUSE,AMD Ryzen 9 3900X 12-Core Processor,0:00.86,240492,1666%
AMAS,v1.02,Esselstyn et al. 2021,102,4040,5398947,DNA,Summary Statistics,openSUSE,AMD Ryzen 9 3900X 12-Core Processor,0:42.09,1243836,421%
AMAS,v1.02,Esselstyn et al. 2021,102,4040,5398947,DNA,Summary Statistics,openSUSE,AMD Ryzen 9 3900X 12-Core Processor,0:41.64,1243428,427%
AMAS,v1.02,Esselstyn et al. 2021,102,4040,5398947,DNA,Summary Statistics,openSUSE,AMD Ryzen 9 3900X 12-Core Processor,0:41.73,1245888,427%
AMAS,v1.02,Esselstyn et al. 2021,102,4040,5398947,DNA,Summary Statistics,openSUSE,AMD Ryzen 9 3900X 12-Core Processor,0:41.68,1244548,428%
AMAS,v1.02,Esselstyn et al. 2021,102,4040,5398947,DNA,Summary Statistics,openSUSE,AMD Ryzen 9 3900X 12-Core Processor,0:41.75,1245452,428%
AMAS,v1.02,Esselstyn et al. 2021,102,4040,5398947,DNA,Summary Statistics,openSUSE,AMD Ryzen 9 3900X 12-Core Processor,0:41.95,1243368,421%
AMAS,v1.02,Esselstyn et al. 2021,102,4040,5398947,DNA,Summary Statistics,openSUSE,AMD Ryzen 9 3900X 12-Core Processor,0:42.18,1243468,424%
AMAS,v1.02,Esselstyn et al. 2021,102,4040,5398947,DNA,Summary Statistics,openSUSE,AMD Ryzen 9 3900X 12-Core Processor,0:41.94,1245452,428%
AMAS,v1.02,Esselstyn et al. 2021,102,4040,5398947,DNA,Summary Statistics,openSUSE,AMD Ryzen 9 3900X 12-Core Processor,0:41.73,1245064,424%
AMAS,v1.02,Esselstyn et al. 2021,102,4040,5398947,DNA,Summary Statistics,openSUSE,AMD Ryzen 9 3900X 12-Core Processor,0:41.88,1245012,429%
AMAS,v1.02,Oliveros et al. 2019,221,4060,2464926,DNA,Summary Statistics,openSUSE,AMD Ryzen 9 3900X 12-Core Processor,1:19.21,2022736,388%
AMAS,v1.02,Oliveros et al. 2019,221,4060,2464926,DNA,Summary Statistics,openSUSE,AMD Ryzen 9 3900X 12-Core Processor,1:19.08,2022156,390%
AMAS,v1.02,Oliveros et al. 2019,221,4060,2464926,DNA,Summary Statistics,openSUSE,AMD Ryzen 9 3900X 12-Core Processor,1:19.04,2022388,388%
AMAS,v1.02,Oliveros et al. 2019,221,4060,2464926,DNA,Summary Statistics,openSUSE,AMD Ryzen 9 3900X 12-Core Processor,1:15.41,2022272,405%
AMAS,v1.02,Oliveros et al. 2019,221,4060,2464926,DNA,Summary Statistics,openSUSE,AMD Ryzen 9 3900X 12-Core Processor,1:18.68,2022224,390%
AMAS,v1.02,Oliveros et al. 2019,221,4060,2464926,DNA,Summary Statistics,openSUSE,AMD Ryzen 9 3900X 12-Core Processor,1:19.15,2022436,389%
AMAS,v1.02,Oliveros et al. 2019,221,4060,2464926,DNA,Summary Statistics,openSUSE,AMD Ryzen 9 3900X 12-Core Processor,1:18.86,2022304,391%
AMAS,v1.02,Oliveros et al. 2019,221,4060,2464926,DNA,Summary Statistics,openSUSE,AMD Ryzen 9 3900X 12-Core Processor,1:19.05,2024316,393%
AMAS,v1.02,Oliveros et al. 2019,221,4060,2464926,DNA,Summary Statistics,openSUSE,AMD Ryzen 9 3900X 12-Core Processor,1:18.89,2022764,392%
AMAS,v1.02,Oliveros et al. 2019,221,4060,2464926,DNA,Summary Statistics,openSUSE,AMD Ryzen 9 3900X 12-Core Processor,1:19.08,2024468,392%
AMAS,v1.02,Jarvis et al. 2014,49,3679,9251694,DNA,Summary Statistics,openSUSE,AMD Ryzen 9 3900X 12-Core Processor,0:47.92,1476832,496%
AMAS,v1.02,Jarvis et al. 2014,49,3679,9251694,DNA,Summary Statistics,openSUSE,AMD Ryzen 9 3900X 12-Core Processor,0:48.09,1475156,496%
AMAS,v1.02,Jarvis et al. 2014,49,3679,9251694,DNA,Summary Statistics,openSUSE,AMD Ryzen 9 3900X 12-Core Processor,0:48.37,1476328,494%
AMAS,v1.02,Jarvis et al. 2014,49,3679,9251694,DNA,Summary Statistics,openSUSE,AMD Ryzen 9 3900X 12-Core Processor,0:48.24,1474676,495%
AMAS,v1.02,Jarvis et al. 2014,49,3679,9251694,DNA,Summary Statistics,openSUSE,AMD Ryzen 9 3900X 12-Core Processor,0:48.00,1475720,496%
AMAS,v1.02,Jarvis et al. 2014,49,3679,9251694,DNA,Summary Statistics,openSUSE,AMD Ryzen 9 3900X 12-Core Processor,0:48.31,1475620,491%
AMAS,v1.02,Jarvis et al. 2014,49,3679,9251694,DNA,Summary Statistics,openSUSE,AMD Ryzen 9 3900X 12-Core Processor,0:48.24,1473944,492%
AMAS,v1.02,Jarvis et al. 2014,49,3679,9251694,DNA,Summary Statistics,openSUSE,AMD Ryzen 9 3900X 12-Core Processor,0:48.37,1476188,493%
AMAS,v1.02,Jarvis et al. 2014,49,3679,9251694,DNA,Summary Statistics,openSUSE,AMD Ryzen 9 3900X 12-Core Processor,0:48.05,1475996,493%
AMAS,v1.02,Jarvis et al. 2014,49,3679,9251694,DNA,Summary Statistics,openSUSE,AMD Ryzen 9 3900X 12-Core Processor,0:48.09,1473536,493%
AMAS,v1.02,Chan et al. 2020,50,13181,6180393,DNA,Summary Statistics,openSUSE,AMD Ryzen 9 3900X 12-Core Processor,0:39.50,1005788,420%
AMAS,v1.02,Chan et al. 2020,50,13181,6180393,DNA,Summary Statistics,openSUSE,AMD Ryzen 9 3900X 12-Core Processor,0:39.88,1006168,415%
AMAS,v1.02,Chan et al. 2020,50,13181,6180393,DNA,Summary Statistics,openSUSE,AMD Ryzen 9 3900X 12-Core Processor,0:39.52,1005844,419%
AMAS,v1.02,Chan et al. 2020,50,13181,6180393,DNA,Summary Statistics,openSUSE,AMD Ryzen 9 3900X 12-Core Processor,0:40.34,1007932,410%
AMAS,v1.02,Chan et al. 2020,50,13181,6180393,DNA,Summary Statistics,openSUSE,AMD Ryzen 9 3900X 12-Core Processor,0:40.19,1005952,414%
AMAS,v1.02,Chan et al. 2020,50,13181,6180393,DNA,Summary Statistics,openSUSE,AMD Ryzen 9 3900X 12-Core Processor,0:39.87,1007916,417%
AMAS,v1.02,Chan et al. 2020,50,13181,6180393,DNA,Summary Statistics,openSUSE,AMD Ryzen 9 3900X 12-Core Processor,0:40.88,1007304,410%
AMAS,v1.02,Chan et al. 2020,50,13181,6180393,DNA,Summary Statistics,openSUSE,AMD Ryzen 9 3900X 12-Core Processor,0:40.38,1005784,410%
AMAS,v1.02,Chan et al. 2020,50,13181,6180393,DNA,Summary Statistics,openSUSE,AMD Ryzen 9 3900X 12-Core Processor,0:39.60,1006056,419%
AMAS,v1.02,Chan et al. 2020,50,13181,6180393,DNA,Summary Statistics,openSUSE,AMD Ryzen 9 3900X 12-Core Processor,0:39.15,1005952,419%
Phyluce,v1.7.1,Esselstyn et al. 2021,102,4040,5398947,DNA,Summary Statistics,openSUSE,AMD Ryzen 9 3900X 12-Core Processor,0:26.45,47760,2275%
Phyluce,v1.7.1,Esselstyn et al. 2021,102,4040,5398947,DNA,Summary Statistics,openSUSE,AMD Ryzen 9 3900X 12-Core Processor,0:26.13,46436,2257%
Phyluce,v1.7.1,Esselstyn et al. 2021,102,4040,5398947,DNA,Summary Statistics,openSUSE,AMD Ryzen 9 3900X 12-Core Processor,0:26.23,46612,2254%
Phyluce,v1.7.1,Esselstyn et al. 2021,102,4040,5398947,DNA,Summary Statistics,openSUSE,AMD Ryzen 9 3900X 12-Core Processor,0:26.23,47948,2269%
Phyluce,v1.7.1,Esselstyn et al. 2021,102,4040,5398947,DNA,Summary Statistics,openSUSE,AMD Ryzen 9 3900X 12-Core Processor,0:25.84,46856,2274%
Phyluce,v1.7.1,Esselstyn et al. 2021,102,4040,5398947,DNA,Summary Statistics,openSUSE,AMD Ryzen 9 3900X 12-Core Processor,0:26.23,46556,2272%
Phyluce,v1.7.1,Esselstyn et al. 2021,102,4040,5398947,DNA,Summary Statistics,openSUSE,AMD Ryzen 9 3900X 12-Core Processor,0:26.14,46744,2277%
Phyluce,v1.7.1,Esselstyn et al. 2021,102,4040,5398947,DNA,Summary Statistics,openSUSE,AMD Ryzen 9 3900X 12-Core Processor,0:26.24,46708,2257%
Phyluce,v1.7.1,Esselstyn et al. 2021,102,4040,5398947,DNA,Summary Statistics,openSUSE,AMD Ryzen 9 3900X 12-Core Processor,0:26.13,46208,2280%
Phyluce,v1.7.1,Esselstyn et al. 2021,102,4040,5398947,DNA,Summary Statistics,openSUSE,AMD Ryzen 9 3900X 12-Core Processor,0:26.33,46388,2281%
Phyluce,v1.7.1,Oliveros et al. 2019,221,4060,2464926,DNA,Summary Statistics,openSUSE,AMD Ryzen 9 3900X 12-Core Processor,0:35.45,47444,2288%
Phyluce,v1.7.1,Oliveros et al. 2019,221,4060,2464926,DNA,Summary Statistics,openSUSE,AMD Ryzen 9 3900X 12-Core Processor,0:35.25,47460,2297%
Phyluce,v1.7.1,Oliveros et al. 2019,221,4060,2464926,DNA,Summary Statistics,openSUSE,AMD Ryzen 9 3900X 12-Core Processor,0:35.65,47100,2295%
Phyluce,v1.7.1,Oliveros et al. 2019,221,4060,2464926,DNA,Summary Statistics,openSUSE,AMD Ryzen 9 3900X 12-Core Processor,0:35.66,47304,2292%
Phyluce,v1.7.1,Oliveros et al. 2019,221,4060,2464926,DNA,Summary Statistics,openSUSE,AMD Ryzen 9 3900X 12-Core Processor,0:35.05,47304,2296%
Phyluce,v1.7.1,Oliveros et al. 2019,221,4060,2464926,DNA,Summary Statistics,openSUSE,AMD Ryzen 9 3900X 12-Core Processor,0:35.56,47420,2297%
Phyluce,v1.7.1,Oliveros et al. 2019,221,4060,2464926,DNA,Summary Statistics,openSUSE,AMD Ryzen 9 3900X 12-Core Processor,0:35.45,47416,2282%
Phyluce,v1.7.1,Oliveros et al. 2019,221,4060,2464926,DNA,Summary Statistics,openSUSE,AMD Ryzen 9 3900X 12-Core Processor,0:35.55,47224,2293%
Phyluce,v1.7.1,Oliveros et al. 2019,221,4060,2464926,DNA,Summary Statistics,openSUSE,AMD Ryzen 9 3900X 12-Core Processor,0:35.35,48760,2299%
Phyluce,v1.7.1,Oliveros et al. 2019,221,4060,2464926,DNA,Summary Statistics,openSUSE,AMD Ryzen 9 3900X 12-Core Processor,0:35.15,47416,2294%
Phyluce,v1.7.1,Jarvis et al. 2014,49,3679,9251694,DNA,Summary Statistics,openSUSE,AMD Ryzen 9 3900X 12-Core Processor,0:32.35,46884,2294%
Phyluce,v1.7.1,Jarvis et al. 2014,49,3679,9251694,DNA,Summary Statistics,openSUSE,AMD Ryzen 9 3900X 12-Core Processor,0:32.34,47932,2312%
Phyluce,v1.7.1,Jarvis et al. 2014,49,3679,9251694,DNA,Summary Statistics,openSUSE,AMD Ryzen 9 3900X 12-Core Processor,0:33.15,46084,2304%
Phyluce,v1.7.1,Jarvis et al. 2014,49,3679,9251694,DNA,Summary Statistics,openSUSE,AMD Ryzen 9 3900X 12-Core Processor,0:32.14,47704,2312%
Phyluce,v1.7.1,Jarvis et al. 2014,49,3679,9251694,DNA,Summary Statistics,openSUSE,AMD Ryzen 9 3900X 12-Core Processor,0:32.65,47648,2309%
Phyluce,v1.7.1,Jarvis et al. 2014,49,3679,9251694,DNA,Summary Statistics,openSUSE,AMD Ryzen 9 3900X 12-Core Processor,0:32.55,46044,2309%
Phyluce,v1.7.1,Jarvis et al. 2014,49,3679,9251694,DNA,Summary Statistics,openSUSE,AMD Ryzen 9 3900X 12-Core Processor,0:32.85,46928,2306%
Phyluce,v1.7.1,Jarvis et al. 2014,49,3679,9251694,DNA,Summary Statistics,openSUSE,AMD Ryzen 9 3900X 12-Core Processor,0:32.75,46392,2297%
Phyluce,v1.7.1,Jarvis et al. 2014,49,3679,9251694,DNA,Summary Statistics,openSUSE,AMD Ryzen 9 3900X 12-Core Processor,0:33.24,45992,2301%
Phyluce,v1.7.1,Jarvis et al. 2014,49,3679,9251694,DNA,Summary Statistics,openSUSE,AMD Ryzen 9 3900X 12-Core Processor,0:32.24,46268,2309%
Phyluce,v1.7.1,Chan et al. 2020,50,13181,6180393,DNA,Summary Statistics,openSUSE,AMD Ryzen 9 3900X 12-Core Processor,0:19.46,66948,2285%
Phyluce,v1.7.1,Chan et al. 2020,50,13181,6180393,DNA,Summary Statistics,openSUSE,AMD Ryzen 9 3900X 12-Core Processor,0:19.48,68480,2280%
Phyluce,v1.7.1,Chan et al. 2020,50,13181,6180393,DNA,Summary Statistics,openSUSE,AMD Ryzen 9 3900X 12-Core Processor,0:19.35,68384,2278%
Phyluce,v1.7.1,Chan et al. 2020,50,13181,6180393,DNA,Summary Statistics,openSUSE,AMD Ryzen 9 3900X 12-Core Processor,0:19.38,66912,2278%
Phyluce,v1.7.1,Chan et al. 2020,50,13181,6180393,DNA,Summary Statistics,openSUSE,AMD Ryzen 9 3900X 12-Core Processor,0:19.46,67024,2284%
Phyluce,v1.7.1,Chan et al. 2020,50,13181,6180393,DNA,Summary Statistics,openSUSE,AMD Ryzen 9 3900X 12-Core Processor,0:19.36,66896,2294%
Phyluce,v1.7.1,Chan et al. 2020,50,13181,6180393,DNA,Summary Statistics,openSUSE,AMD Ryzen 9 3900X 12-Core Processor,0:19.95,68704,2270%
Phyluce,v1.7.1,Chan et al. 2020,50,13181,6180393,DNA,Summary Statistics,openSUSE,AMD Ryzen 9 3900X 12-Core Processor,0:19.35,66848,2297%
Phyluce,v1.7.1,Chan et al. 2020,50,13181,6180393,DNA,Summary Statistics,openSUSE,AMD Ryzen 9 3900X 12-Core Processor,0:19.26,66912,2270%
Phyluce,v1.7.1,Chan et al. 2020,50,13181,6180393,DNA,Summary Statistics,openSUSE,AMD Ryzen 9 3900X 12-Core Processor,0:19.37,66772,2283%
